date,returns
2020-01-02,-0.009237451043305422
2020-01-03,0.006885337305464256
2020-01-06,-0.08330095508397828
2020-01-07,0.031116481396033624
2020-01-08,-0.01923578208837262
2020-01-09,0.020393241815571006
2020-01-10,0.02594533190882653
2020-01-13,0.038756308917065274
2020-01-14,-0.007769445601910729
2020-01-15,-9.818053240562286e-05
2020-01-16,-0.0032995924835170776
2020-01-17,-0.0019417693417389525
2020-01-20,-0.010494782900566713
2020-01-21,-0.047118540435032386
2020-01-22,0.025249571467206966
2020-01-23,-0.0029416812102529555
2020-01-28,-0.029090043285583178
2020-01-29,0.009188464007696462
2020-01-30,-0.0141727651593333
2020-01-31,-0.022753006822625377
2020-02-03,-0.006627161307143137
2020-02-04,0.020721934985464596
2020-02-05,-0.006567937797854362
2020-02-06,0.023735409029840282
2020-02-07,-0.024565943349561636
2020-02-10,0.013070456969770383
2020-02-11,-0.014285451965640572
2020-02-12,0.012495472594323598
2020-02-13,0.03189633668863667
2020-02-14,0.024418440392348417
2020-02-17,0.005667287078727323
2020-02-18,-0.02671396819955907
2020-02-19,0.017437303222346934
2020-02-20,0.005228236908137118
2020-02-21,-0.008426377493358506
2020-02-24,-0.008839794158924996
2020-02-25,-0.00590672021845795
2020-02-26,-0.021200505132832448
2020-02-27,-0.0324853107710088
2020-02-28,-0.04042733209138749
2020-03-02,0.06352873193059771
2020-03-03,-0.01071995962718264
2020-03-04,0.00669021781318313
2020-03-05,-0.02488842838776295
2020-03-06,-0.011540834703452685
2020-03-09,-0.04838141561649589
2020-03-10,0.037110144186065286
2020-03-11,-0.05169926386767765
2020-03-12,-0.010653248094076306
2020-03-13,-0.008819760970624091
2020-03-16,-0.061171968078205685
2020-03-17,0.013553940156100674
2020-03-18,-0.0641863307583963
2020-03-19,-0.00642118374538958
2020-03-20,0.07416100464540532
2020-03-23,0.031720159130079306
2020-03-24,0.0990270418649104
2020-03-25,-0.014330824069570869
2020-03-26,-0.04750130131534902
2020-03-27,0.025150669683057236
2020-03-30,0.006549765291979037
2020-03-31,0.0022064642832533288
2020-04-01,-0.022066572150918673
2020-04-02,0.005329470245835299
2020-04-03,-0.010790977296827875
2020-04-06,0.010930233643501097
2020-04-07,-0.0017290236118470137
2020-04-08,0.001967824324192291
2020-04-09,-0.00046090218820027395
2020-04-10,0.001990534507062991
2020-04-13,0.008105596851182284
2020-04-14,0.005433396804762403
2020-04-16,0.003511378584442504
2020-04-17,-0.008593968911549399
2020-04-20,0.011798598228792478
2020-04-21,-0.007818933785644355
2020-04-22,0.006081352465224121
2020-04-23,0.04002174982935025
2020-04-24,-0.010981088257492
2020-04-27,0.02524782583189822
2020-04-28,0.024678124568035642
2020-04-29,-0.018026766437373776
2020-05-04,-0.013010699073313203
2020-05-06,-0.0007350126598560935
2020-05-07,0.012276563708670585
2020-05-08,0.012212530387673004
2020-05-11,-0.051157729337612756
2020-05-12,-0.005240299278767124
2020-05-13,-0.0007727701992367164
2020-05-14,0.004184621695454638
2020-05-15,-0.00017455875802707688
2020-05-18,0.03661143716964643
2020-05-19,-0.016031704538322256
2020-05-20,0.007878278841876307
2020-05-21,-0.0001910946403743674
2020-05-22,0.006255549245911318
2020-05-25,0.023215420286051724
2020-05-26,-0.03454586293881867
2020-05-27,0.03341579380034099
2020-05-28,0.015081883352331182
2020-05-29,-0.0013362762354808266
2020-06-01,-0.06250200497431901
2020-06-02,0.06012477588443721
2020-06-03,0.06025826653407851
2020-06-04,-0.01589143892820577
2020-06-05,-0.019826300225378013
2020-06-08,0.13293490558167265
2020-06-09,0.010252391387610027
2020-06-10,0.02236498288018285
2020-06-11,0.016667834548048432
2020-06-12,-0.0049565223366654365
2020-06-15,-0.02224761244325546
2020-06-16,0.03902757008185098
2020-06-17,0.013370048395308531
2020-06-18,-0.012977258006719117
2020-06-19,-0.007553647788625217
2020-06-22,0.038714514508000564
2020-06-23,0.0032046338850175715
2020-06-24,0.01149324455660139
2020-06-25,-0.012483515748295648
2020-06-26,0.002472796190440274
2020-06-29,-0.02555615166015457
2020-06-30,0.004719543302456053
2020-07-01,0.0035187717576585786
2020-07-02,0.027991536746288626
2020-07-03,0.0011548057733359318
2020-07-06,0.01675465944056076
2020-07-07,0.006322043133639266
2020-07-08,-0.000930268832015746
2020-07-09,0.016542280363361916
2020-07-10,-0.0011688958142276329
2020-07-13,-0.010518545565700976
2020-07-14,0.008179401043648449
2020-07-15,-0.010143556973375434
2020-07-16,-0.009081795045155716
2020-07-17,0.005439719771825446
2020-07-20,0.017002420191813084
2020-07-21,0.014994366945932036
2020-07-22,0.06262934958396293
2020-07-23,-0.005481555122518245
2020-07-24,0.021285962015386684
2020-07-27,0.031290978157118676
2020-07-28,0.006370531189793027
2020-07-29,-0.005361375699444837
2020-07-30,0.004446023911939934
2020-07-31,-0.009971868920534588
2020-08-03,0.014886435819953414
2020-08-04,0.0
2020-08-05,0.0
2020-08-06,0.0
2020-08-07,0.0
2020-08-10,0.019087460202085405
2020-08-11,-0.0026545068780208236
2020-08-12,-0.01805042557818759
2020-08-13,-0.011125956080662469
2020-08-14,-0.03136944730101032
2020-08-18,-0.02791388055549071
2020-08-19,0.01264908056302505
2020-08-20,-0.0029520657081035795
2020-08-21,0.0038532941818645305
2020-08-24,0.06731536215178924
2020-08-25,0.0195836182141802
2020-08-26,-0.011448022715111139
2020-08-27,-0.0027783544646686753
2020-08-28,0.014984618861628052
2020-08-31,-0.016841449293923394
2020-09-01,-0.026051107722101507
2020-09-02,-0.0030184310099082845
2020-09-03,0.01578019221475202
2020-09-04,-0.003586381600823585
2020-09-07,0.012853941331875118
2020-09-08,0.0055345684867593725
2020-09-09,-0.00165519391303659
2020-09-10,0.010308421289065395
2020-09-11,-0.016067299769795484
2020-09-14,0.009761689185530109
2020-09-15,0.0023653780118302326
2020-09-16,-0.012564692508648556
2020-09-17,-0.008223497099056787
2020-09-18,0.0030564994159827386
2020-09-21,-0.01067157271283814
2020-09-22,0.0026827514705920485
2020-09-23,-0.01303818297306758
2020-09-24,-0.019841532510494808
2020-09-25,0.001693679843268292
2020-09-28,0.013521832368843967
2020-09-29,0.0019346262302799566
2020-10-05,0.0004900386164066184
2020-10-06,0.0
2020-10-07,0.0
2020-10-08,0.0
2020-10-12,-0.005614700634493541
2020-10-13,-0.002415462458479789
2020-10-14,-0.008192279937015878
2020-10-15,0.0007300066656028559
2020-10-16,-0.018848114818447503
2020-10-19,-0.0011236986161801132
2020-10-20,0.007306299221001122
2020-10-21,-0.003990874166576841
2020-10-22,0.0053014157468636025
2020-10-23,0.00473292068171105
2020-10-26,0.009131075869227567
2020-10-27,0.018840859301576307
2020-10-28,0.009016029923311297
2020-10-29,-0.003580881304369843
2020-10-30,-0.020088265577063447
2020-11-02,0.0033358739341571297
2020-11-03,0.029059552415100276
2020-11-04,-0.006148653734870502
2020-11-05,0.008989866625588316
2020-11-06,0.009762660839204074
2020-11-09,-0.03577961049042444
2020-11-10,-0.012551165360984884
2020-11-11,-0.025530469535104072
2020-11-12,0.0017417274987767684
2020-11-13,-0.013342100146819913
2020-11-16,0.07234806137513483
2020-11-17,0.004910742639366195
2020-11-18,0.021030632969779584
2020-11-19,0.009660036707650255
2020-11-20,0.0018061518078029692
2020-11-23,-0.0056308224857547495
2020-11-24,-0.010900932792744511
2020-11-25,-0.014506477058249256
2020-11-26,0.016573899933840952
2020-11-27,0.006187512521980354
2020-11-30,-0.006951025623813667
2020-12-01,-0.01472454879437246
2020-12-02,-0.01962544634162311
2020-12-03,-0.0032769765836768716
2020-12-04,-0.00514711929456968
2020-12-07,0.030507263814772534
2020-12-08,-0.007361611256489264
2020-12-09,0.01367185684774852
2020-12-10,-0.007868449453841464
2020-12-11,-0.010729840282820646
2020-12-14,-0.036319011973749205
2020-12-15,-0.0014357233901337585
2020-12-16,0.002842095864513894
2020-12-17,-0.0028209966426041566
2020-12-18,-0.01941865475004423
2020-12-21,0.001076493546236179
2020-12-22,-0.004464913725171993
2020-12-23,0.009642742391471115
2020-12-24,0.0061477126998839005
2020-12-28,0.0033053598229044745
2020-12-29,-0.007160492241831018
2020-12-30,0.01783666236295356
2021-01-04,0.009440848847532823
2021-01-05,0.0
2021-01-06,0.0
2021-01-07,0.0
2021-01-08,0.0
2021-01-11,-0.03392755443798079
2021-01-12,-0.019945628979398444
2021-01-13,0.011183205425145282
2021-01-14,0.002765967470756747
2021-01-15,-0.012849829901980803
2021-01-18,0.043683330279778554
2021-01-19,0.05278988696257447
2021-01-20,0.030182883335737598
2021-01-21,0.052366501446993174
2021-01-22,-0.02107292472936484
2021-01-25,0.010862183942606185
2021-01-26,-0.0012941231443823753
2021-01-27,-0.018871768669027955
2021-01-28,-0.007172909697691243
2021-01-29,-0.016464389850835204
2021-02-01,-1.4494598099101808e-05
2021-02-02,0.00035628507761997774
2021-02-03,0.0260580544906579
2021-02-04,-0.0070308591468768444
2021-02-05,0.005111919829733802
2021-02-08,0.0334156662343128
2021-02-09,-0.0074825699643934485
2021-02-10,0.0039252942179102135
2021-02-15,-0.049031346436894774
2021-02-16,0.005684037394464658
2021-02-17,0.00013926524978358223
2021-02-18,0.0023081700363190016
2021-02-19,0.012228773451744557
2021-02-22,-0.01715741085448408
2021-02-23,0.023617307070460614
2021-02-24,-0.005989997150053328
2021-02-25,0.00948872257152611
2021-02-26,-0.0033087384252515895
2021-03-02,0.13613183135292406
2021-03-03,0.017583503071948225
2021-03-04,-0.007094089665038772
2021-03-05,0.0023914268081430823
2021-03-08,-0.14749276844056647
2021-03-09,-0.021075339092197165
2021-03-10,0.014682774118924158
2021-03-11,-0.0020011596018378874
2021-03-12,0.009978741744861797
2021-03-15,-0.009798480324991088
2021-03-16,0.010176098307479897
2021-03-17,0.0033693720488592316
2021-03-18,-0.005757885261783002
2021-03-19,-0.004203220914433592
2021-03-22,-0.007915378297858822
2021-03-23,-0.01173563334400729
2021-03-24,0.001249232348070839
2021-03-25,0.012747418595123738
2021-03-26,0.01677113748048331
2021-03-29,0.0144515183747016
2021-03-30,0.0059291929593559
2021-03-31,-4.4600443505737886e-05
2021-04-01,-0.004673470702774685
2021-04-02,0.00031012234399763194
2021-04-05,0.04515565251728093
2021-04-06,0.0013085889976434117
2021-04-07,0.014176235890814404
2021-04-08,0.015206405056896966
2021-04-09,-0.0045204917541947776
2021-04-12,0.008083895229846094
2021-04-13,0.010682479708409298
2021-04-14,0.004025235326247767
2021-04-15,0.013661739725665534
2021-04-16,-0.005542086446576722
2021-04-19,0.0007413120091162018
2021-04-20,-0.009549131103681718
2021-04-21,-0.01203994633074501
2021-04-22,0.006502791358550253
2021-04-23,0.04588162820572994
2021-04-26,0.012354111327808281
2021-04-27,0.009603848033921558
2021-04-28,-0.008330268757798742
2021-04-29,0.005976303687755147
2021-04-30,-0.0159866150923752
2021-05-03,-0.0027004608556974175
2021-05-04,0.0
2021-05-06,0.0
2021-05-07,0.0
2021-05-10,0.01821738943088058
2021-05-11,0.00788569396541794
2021-05-12,-0.01683759257831685
2021-05-13,0.0029507575926515095
2021-05-14,0.00214430038786384
2021-05-17,-0.0023652255473398665
2021-05-18,0.007472881672813347
2021-05-20,0.020993541333331533
2021-05-21,-0.015329376690152108
2021-05-24,0.002280649243527666
2021-05-25,0.009908720050575859
2021-05-26,0.010152010794620248
2021-05-27,0.014473270844618469
2021-05-28,0.0028211894940048943
2021-05-31,0.0038570394072581227
2021-06-01,-0.0021213032789485498
2021-06-02,0.012607484845580164
2021-06-03,-0.009633297785303307
2021-06-04,-0.0025881364551481045
2021-06-07,-0.01944080029529971
2021-06-08,-0.006391131151392226
2021-06-09,0.00851877039442761
2021-06-10,0.006101754224122402
2021-06-11,0.006601296638387488
2021-06-14,-0.004253936087043053
2021-06-15,-0.004578667703445838
2021-06-16,0.003085191673299237
2021-06-17,0.009589259835346642
2021-06-18,-0.018586236303120618
2021-06-21,-0.013288849938540848
2021-06-22,0.013566824565586888
2021-06-23,0.012793597268175638
2021-06-24,-0.005532630923588799
2021-06-25,0.004672358500621199
2021-06-28,0.010598278398477046
2021-06-29,0.017348591903577848
2021-06-30,0.005109528452647671
2021-07-01,0.012936640397092525
2021-07-02,-0.00340678766244229
2021-07-05,0.026352612783759888
2021-07-06,-0.00021019751372375328
2021-07-07,0.002169471679130508
2021-07-08,-0.003887568725309598
2021-07-09,0.006354675805624099
2021-07-12,0.004308741960159512
2021-07-13,0.004730378919554523
2021-07-14,0.001495340495034192
2021-07-15,0.013632307460648807
2021-07-16,-0.03059739592531241
2021-07-19,-0.026310762608925176
2021-07-20,0.0030135125057046963
2021-07-21,-0.008290564843230874
2021-07-22,0.025280404747115348
2021-07-23,-0.001972897709055732
2021-07-26,-0.01326274291439511
2021-07-27,0.006080754406185607
2021-07-28,0.00267886544858853
2021-07-29,0.018382584399087687
2021-07-30,0.006030576043642988
2021-08-02,-0.0007804395074583192
2021-08-03,0.0
2021-08-04,0.0
2021-08-05,0.0
2021-08-06,0.0
2021-08-09,0.0005811533972364114
2021-08-10,0.0033674470765086006
2021-08-11,-0.009155693355458405
2021-08-12,0.004921360005303077
2021-08-13,0.00571155638189591
2021-08-17,-0.005080086197664979
2021-08-18,0.008812398158287937
2021-08-19,-0.02226292981098854
2021-08-20,-0.003323529144090176
2021-08-23,0.014919641762690672
2021-08-24,0.022556269953348584
2021-08-25,0.00971811542085832
2021-08-26,-0.002454921682444544
2021-08-27,0.004994011433173684
2021-08-30,-0.0010041781000069694
2021-08-31,0.000769650315781023
2021-09-01,0.00029756441305606174
2021-09-02,0.0003655855211748271
2021-09-03,-0.013322975838712114
2021-09-06,-0.039968574168635196
2021-09-07,0.00577751027901674
2021-09-08,-0.018983749109269255
2021-09-09,-0.009919650132641844
2021-09-10,0.012025532984332177
2021-09-13,0.05184515902092035
2021-09-14,0.015414836558568679
2021-09-15,0.0036228785143694875
2021-09-16,0.007220220229142926
2021-09-17,-0.01678420110536427
2021-09-23,-0.08352751305890282
2021-09-24,0.013774505043607332
2021-09-27,0.020461881126243142
2021-09-28,0.02172102813479615
2021-09-29,-0.005289914041907706
2021-09-30,0.012832642179213316
2021-10-01,-0.019236091710600256
2021-10-05,0.0474964587789255
2021-10-06,-0.039680810512320086
2021-10-07,0.0063521525323317896
2021-10-08,-0.01743733721872498
2021-10-12,0.0057826480918279355
2021-10-13,0.01760391922730009
2021-10-14,0.010049688661574185
2021-10-15,-0.001395967192176939
2021-10-18,0.0036889153580783596
2021-10-19,0.0014899962551058188
2021-10-20,-0.014839240503964346
2021-10-21,0.004843224534107016
2021-10-22,-0.016785737824714264
2021-10-25,0.006014510326495026
2021-10-26,-0.012030283377307383
2021-10-27,-0.0021723449849820886
2021-10-28,-0.04457612680805856
2021-10-29,0.00542498195231178
2021-11-01,-0.012456939756467
2021-11-02,0.0012513952751993518
2021-11-03,-0.012973881605488957
2021-11-04,0.002103740080004357
2021-11-05,-0.02163733516776689
2021-11-08,-0.011467911778886175
2021-11-09,0.0041479685648180276
2021-11-10,-0.010540021529960475
2021-11-11,0.012331686225507843
2021-11-12,0.02541829083100766
2021-11-15,0.003015458755343925
2021-11-16,0.0015730863531542294
2021-11-17,0.002928378591145364
2021-11-18,0.007599993608450317
2021-11-19,0.005168912480651766
2021-11-22,-0.00569559450544832
2021-11-23,-0.00496515273458209
2021-11-24,0.015520914158855259
2021-11-25,0.0040791250366543075
2021-11-26,0.0010469415635367962
2021-11-29,0.0009715742811939876
2021-11-30,-0.01353612995054787
2021-12-01,-0.02862707985072177
2021-12-02,-0.02976252389482381
2021-12-03,0.012038622994998027
2021-12-06,-0.009275248956202908
2021-12-07,0.01576370499401536
2021-12-08,-0.005490315802788914
2021-12-09,0.023890758582498117
2021-12-10,-0.004341457309061769
2021-12-13,-0.019014371601645208
2021-12-14,-0.01398724877673685
2021-12-15,-0.01789293323855823
2021-12-16,0.002619142340044567
2021-12-17,-0.00046110349264016914
2021-12-20,0.009550601075624998
2021-12-21,0.019404603990955227
2021-12-22,0.02210453383837563
2021-12-23,-0.0012014422907770106
2021-12-24,0.0011582520907669203
2021-12-27,0.01361356834677796
2021-12-28,-0.01825009501957331
2021-12-29,-0.003003661693657844
2021-12-30,0.0014727571106121218
2022-01-03,-0.002013014524607004
2022-01-04,0.0
2022-01-05,0.0
2022-01-06,0.0
2022-01-07,0.0
2022-01-10,0.012406655310662096
2022-01-11,0.00731261689331264
2022-01-12,0.01253316045409747
2022-01-13,0.012476864061876203
2022-01-14,0.003092343978759571
2022-01-17,-0.015306704479781441
2022-01-18,-0.007357821558804933
2022-01-19,0.007037603214367305
2022-01-20,0.00572233872940342
2022-01-21,0.003922844333455133
2022-01-24,-0.004682640790779291
2022-01-25,-0.007042938249653408
2022-01-26,0.02103038043755623
2022-01-27,-0.012560730212460292
2022-01-28,0.017787571089247445
2022-02-03,0.018585735556776894
2022-02-04,0.0015747159358125984
2022-02-07,0.014226547359388775
2022-02-08,-0.01557952597957557
2022-02-09,0.03499113678303223
2022-02-10,0.0012588488073701498
2022-02-11,-0.004312598572375537
2022-02-14,0.006342225579238914
2022-02-15,-0.0007855306330455392
2022-02-16,0.006229706693585468
2022-02-17,0.005758924607363491
2022-02-18,-0.012157005697115308
2022-02-21,0.055170146790755714
2022-02-22,-0.008996945544179624
2022-02-23,0.00412342665209775
2022-02-24,-0.0072686644886118534
2022-02-25,0.02102783984701828
2022-02-28,-0.05047285832032444
2022-03-02,0.03441700456031671
2022-03-03,0.019605427033523304
2022-03-04,0.016317734198154188
2022-03-07,-0.003371979179256912
2022-03-08,-0.0035676878983419424
2022-03-10,0.005936900291658054
2022-03-11,0.014518664654190605
2022-03-14,-0.045658546881369944
2022-03-15,-0.019080784755833302
2022-03-16,-0.004033608682801115
2022-03-17,-0.00755612382694737
2022-03-18,0.0054114259725637215
2022-03-21,-0.011194843752270867
2022-03-22,0.015288444023769054
2022-03-23,0.010613873311737132
2022-03-24,-0.008159419786120115
2022-03-25,0.0024573670370731104
2022-03-28,0.01826141061634612
2022-03-29,-0.011036318910728093
2022-03-30,-0.0018664700454658067
2022-03-31,0.012366690300914973
2022-04-01,0.003145876674067294
2022-04-04,-0.003589549769137168
2022-04-05,0.009005413515049243
2022-04-06,0.011631957950958505
2022-04-07,-0.01054616928158092
2022-04-08,0.0045096126232158085
2022-04-11,0.009050741072658797
2022-04-12,-0.0030504354593091643
2022-04-13,0.009122339488345066
2022-04-14,0.017471003155753673
2022-04-15,0.00840061750522203
2022-04-18,-0.006588066859295472
2022-04-19,-0.004801786360018601
2022-04-20,0.0016487921203991451
2022-04-21,0.0028077676931526074
2022-04-22,0.015407182304456812
2022-04-25,-0.016555521530401185
2022-04-26,-0.012209717577654655
2022-04-27,-0.0010567920302502198
2022-04-28,0.034909364071180615
2022-04-29,-0.006572593093384649
2022-05-02,0.013936874988643266
2022-05-03,0.0
2022-05-04,0.0
2022-05-06,0.0
2022-05-09,-0.042571323447728404
2022-05-10,-0.0016600361798458918
2022-05-11,-0.0048705448835045795
2022-05-12,0.025483604008250227
2022-05-13,0.05340143152504262
2022-05-16,0.015366147290007959
2022-05-17,0.010870061107204121
2022-05-18,-0.006263238812339256
2022-05-19,-0.007904252630594355
2022-05-20,0.0022602881334874425
2022-05-23,-0.0036382292825469786
2022-05-24,-0.014505942268659977
2022-05-25,0.005018987531474339
2022-05-26,-0.0005634551787171427
2022-05-27,0.006147935701102503
2022-05-30,-0.015003197770675603
2022-05-31,-0.0014040088166831222
2022-06-02,0.009897744040184175
2022-06-03,0.001442654162265855
2022-06-07,0.006941179855247448
2022-06-08,-0.005400929765282281
2022-06-09,0.003943059018639117
2022-06-10,0.010844397303615638
2022-06-13,-0.02860154347865429
2022-06-14,-0.010799052697106792
2022-06-15,-0.025039700532039855
2022-06-16,0.0006292879042153476
2022-06-17,0.01516369289838626
2022-06-20,-0.014511082136819398
2022-06-21,0.01679402035724764
2022-06-22,-0.00911423925962962
2022-06-23,-0.02207508005081893
2022-06-24,0.005814290743237471
2022-06-27,0.0065910450791923925
2022-06-28,0.00829190034909999
2022-06-29,-0.0035858114928365437
2022-06-30,0.00879215092418928
2022-07-01,0.007116281096406496
2022-07-04,-0.009677806463997185
2022-07-05,-0.010637617835152824
2022-07-06,-0.01960526556993958
2022-07-07,0.007785567657050629
2022-07-08,0.004320746084623739
2022-07-11,-0.010078769450924008
2022-07-12,0.009544658263723749
2022-07-13,0.006743117563332124
2022-07-14,-0.009104003478731637
2022-07-15,0.005484508858318415
2022-07-18,0.006704988024025971
2022-07-19,0.0017687766322567189
2022-07-20,-0.0014210657887980815
2022-07-21,0.007513484390993641
2022-07-22,0.002555686395232293
2022-07-25,0.007871603836613339
2022-07-26,0.008965593737495281
2022-07-27,-0.005151666494876195
2022-07-28,0.012164537427238775
2022-07-29,0.01045499333110289
2022-08-01,-0.0028896961145371547
2022-08-02,0.0
2022-08-03,0.0
2022-08-04,0.0
2022-08-05,0.0
2022-08-08,-0.004519274658665529
2022-08-09,0.004729482334640656
2022-08-10,0.007910053789618177
2022-08-11,-0.0001749522788419
2022-08-12,0.00458057119915134
2022-08-16,0.01268804801994694
2022-08-17,0.0005190552464306997
2022-08-18,0.006804965142254371
2022-08-19,-0.00041084921059719726
2022-08-22,0.006995984968975577
2022-08-23,0.0030490197072887693
2022-08-24,0.021518455108193058
2022-08-25,0.0044576400305307295
2022-08-26,-0.0014326335806709167
2022-08-29,-0.0029289296537623466
2022-08-30,-0.007031645292492117
2022-08-31,0.006178262510174282
2022-09-01,-0.01562724985878483
2022-09-02,0.001367948090738702
2022-09-05,0.016904229247942437
2022-09-06,0.007065779281625328
2022-09-07,-0.008811588011248705
2022-09-08,0.004371336069896259
2022-09-13,-0.001758320388788981
2022-09-14,-0.0037805809369501064
2022-09-15,0.008607871652096533
2022-09-16,-0.00677084984413312
2022-09-19,-0.010457182917574803
2022-09-20,-0.006077046300921207
2022-09-21,0.004493932412988899
2022-09-22,0.01625950515263641
2022-09-23,-0.015887716597469126
2022-09-26,-0.008761034312971483
2022-09-27,-0.009299853635517219
2022-09-28,-0.020772931867881428
2022-09-29,-0.0016582652540839682
2022-09-30,-0.02604383483563999
2022-10-04,0.011718848047896024
2022-10-05,-0.010347627856145847
2022-10-06,0.022577836223408587
2022-10-07,-0.02072294262289187
2022-10-11,0.0006681688464709179
2022-10-12,-0.0026657451971057178
2022-10-13,-0.0028455107634353105
2022-10-14,0.0046363626544567715
2022-10-17,0.014708182436475203
2022-10-18,0.00843530002273618
2022-10-19,0.0007661335224442567
2022-10-20,0.015697932350760002
2022-10-21,-0.00829107289661013
2022-10-24,0.00542054546788151
2022-10-25,0.002300033266704915
2022-10-26,0.013460687900805235
2022-10-27,0.0030542688794845674
2022-10-28,0.01817617354479184
2022-10-31,-0.003391459290388754
2022-11-01,0.013013871295090684
2022-11-02,-0.015658247515262125
2022-11-03,0.012203169085807986
2022-11-04,-0.006344907580333459
2022-11-07,0.008247696943529004
2022-11-08,0.002486091656053624
2022-11-09,-0.0024884142270735765
2022-11-10,-0.015514534360514753
2022-11-11,-0.025432714661789757
2022-11-14,0.016264485196613387
2022-11-15,-0.016502441156897585
2022-11-16,0.007787301122391677
2022-11-17,-0.004759885265367081
2022-11-18,0.016986045898857105
2022-11-21,0.010453851462803199
2022-11-22,0.01667737107790135
2022-11-23,-0.025154874702463803
2022-11-24,0.0025302747769468947
2022-11-25,0.02633695607191955
2022-11-28,0.006016717857672438
2022-11-29,0.00018842529226237303
2022-11-30,0.01463785255713601
2022-12-01,-0.008106917644522427
2022-12-02,-0.007400487972919145
2022-12-05,0.0044625854072031235
2022-12-06,-0.0033275531164781436
2022-12-07,0.007403130955194959
2022-12-08,0.012403673803341952
2022-12-09,0.009361065130797819
2022-12-12,-0.0017382925552239525
2022-12-13,-0.015113544148289915
2022-12-14,0.0035700607955870822
2022-12-15,-0.03150080638687758
2022-12-16,-0.008450065032425846
2022-12-19,0.01123807136619015
2022-12-20,-0.013437211071636757
2022-12-21,0.0077563432943565935
2022-12-22,0.02753318352386236
2022-12-23,0.004043270671496568
2022-12-26,0.0031167574989885427
2022-12-27,0.02279715733008869
2022-12-28,-0.0022950696650382296
2022-12-29,-0.0012194475719951026
2023-01-02,-0.010522461382636239
2023-01-03,0.0
2023-01-04,0.0
2023-01-05,0.0
2023-01-06,0.0
2023-01-09,-0.012039912389067431
2023-01-10,-0.002857543813333363
2023-01-11,0.0005257599164207871
2023-01-12,0.012302869485155465
2023-01-13,-0.006272652556692404
2023-01-16,0.0064708753039952605
2023-01-17,0.01938253295536385
2023-01-18,0.0014488389532982815
2023-01-19,0.008173579662462238
2023-01-20,0.003323701153761016
2023-01-25,-0.0015327001752354352
2023-01-26,0.0003504723713998459
2023-01-27,0.017931153841762804
2023-01-30,-0.011208711475646727
2023-01-31,0.011417717325203691
2023-02-01,0.003027657835909192
2023-02-02,0.0024178461405532925
2023-02-03,0.005084120617083965
2023-02-06,-0.011113971409905221
2023-02-07,0.007583036025785139
2023-02-08,-0.0044969494586064584
2023-02-09,0.009915947636728983
2023-02-10,-0.00424451632059053
2023-02-13,-0.015521003128363131
2023-02-14,0.01787336736392997
2023-02-15,-0.015284807186464078
2023-02-16,0.0183484595251453
2023-02-17,-0.006506192189117632
2023-02-20,0.014524293569507574
2023-02-21,0.0036148755167859647
2023-02-22,-0.013817271287338895
2023-02-23,0.007408888387105073
2023-02-24,-0.012371816802600466
2023-02-27,-0.032410624019933776
2023-02-28,-0.01072649933880876
2023-03-02,0.01823744902234603
2023-03-03,0.015221813978563814
2023-03-06,0.029130223095648056
2023-03-07,0.004966871409780582
2023-03-08,-0.0035405664740095766
2023-03-09,-0.006443720289096677
2023-03-10,-0.0024018462421151465
2023-03-13,0.005135371581688863
2023-03-14,-0.006245177487691711
2023-03-15,0.0025062755678535442
2023-03-16,0.0044821571212494415
2023-03-17,-0.00798454416241956
2023-03-20,0.00011333873029450992
2023-03-21,0.008255501767205908
2023-03-22,0.020383264735549078
2023-03-23,0.0015969947546596863
2023-03-24,-0.014576814209075306
2023-03-27,0.006068603775450265
2023-03-28,0.012796160693786973
2023-03-29,0.007559384893353505
2023-03-30,0.010006671689763769
2023-03-31,0.01388309946988242
2023-04-03,-0.004352562210375166
2023-04-04,0.0
2023-04-05,0.0
2023-04-06,0.0
2023-04-07,0.0
2023-04-10,0.014095914939394438
2023-04-11,0.03167243563962474
2023-04-12,0.021068221965728773
2023-04-13,0.02377829473385784
2023-04-14,-0.013251027150309902
2023-04-17,-0.002051239711907349
2023-04-18,-0.01003236858644918
2023-04-19,-0.0185472692949864
2023-04-20,-0.0103198613894121
2023-04-21,-0.008726211276963491
2023-04-24,-0.0022853873481518683
2023-04-25,-0.000448398703619568
2023-04-26,0.0019170545574906939
2023-04-27,-0.0020905845695234904
2023-04-28,0.0010408537415151908
2023-05-02,0.003970136853820083
2023-05-03,-0.0071323704556665035
2023-05-04,0.030015511503798775
2023-05-08,0.011320756067425997
2023-05-09,-0.011875755375393315
2023-05-10,0.0007092275530835579
2023-05-11,0.021532511110085695
2023-05-12,-0.01687606461691782
2023-05-15,-0.04181855066129858
2023-05-16,-0.004585952182619812
2023-05-17,-0.0026479550914134675
2023-05-18,-0.010641358684905788
2023-05-19,0.0046686992408178085
2023-05-22,-0.006347429317849929
2023-05-23,0.007763047041087656
2023-05-24,0.004922462119439475
2023-05-25,0.00011015173830775105
2023-05-26,-0.006534367633289628
2023-05-30,-0.022417573455701945
2023-05-31,-0.000345997462606884
2023-06-01,-0.0012728583495498214
2023-06-02,0.0036503459990790965
2023-06-05,0.06129415011789785
2023-06-07,-0.02217881417279166
2023-06-08,-0.01731964044509815
2023-06-09,0.00012922816738525356
2023-06-12,0.01951649443506165
2023-06-13,-0.018108065600560663
2023-06-14,0.008789862412391436
2023-06-15,0.004385440567064469
2023-06-16,0.039086452560896046
2023-06-19,0.006719736575518276
2023-06-20,0.03635193279237603
2023-06-21,0.004213544972688554
2023-06-22,-0.002395027346153711
2023-06-23,-0.010899579298640605
2023-06-26,-0.007731029046045612
2023-06-27,0.015273912248189081
2023-06-28,-0.014118417019109653
2023-06-29,-0.002962401415175231
2023-06-30,0.024213753462851484
2023-07-03,-0.0015238570364064508
2023-07-04,0.0
2023-07-05,0.0
2023-07-06,0.0
2023-07-07,0.0
2023-07-10,-0.08568981250188523
2023-07-11,0.010743793877393326
2023-07-12,0.013056839426319966
2023-07-13,0.002937340228623686
2023-07-14,0.003959278922473608
2023-07-17,0.009959401394233458
2023-07-18,-0.010182174224444673
2023-07-19,0.007429109770231035
2023-07-20,-0.011579145149020587
2023-07-21,0.0004341483846403982
2023-07-24,0.03783809282613482
2023-07-25,-0.01007889562567399
2023-07-26,0.006916919699464064
2023-07-27,0.02470999389747841
2023-07-28,0.020501790557573285
2023-07-31,0.015101057354202307
2023-08-01,0.0038969916405073857
2023-08-02,-0.006283537996910171
2023-08-03,-0.02023298525741213
2023-08-04,0.016671225921546462
2023-08-07,0.0319043544666866
2023-08-08,-0.004048100532590304
2023-08-09,-0.0023156364840111188
2023-08-10,0.028314996775152812
2023-08-11,0.03950264118652069
2023-08-14,0.05339460957558417
2023-08-16,-0.005073749576454678
2023-08-17,-0.011139596566496879
2023-08-18,0.015579785009073088
2023-08-21,0.001975846186440311
2023-08-22,-0.0008191629230511754
2023-08-23,0.0064160187134274516
2023-08-24,-0.0012852348979464079
2023-08-25,0.009703534324337237
2023-08-28,-0.005984169878201495
2023-08-29,-0.007497655129141356
2023-08-30,0.004137760989224137
2023-08-31,-0.00659016846678484
2023-09-01,-0.007443323208333297
2023-09-04,-0.007226580995031817
2023-09-05,-0.006018459932557341
2023-09-06,-0.0037430707847557754
2023-09-07,-0.012559167432222185
2023-09-08,0.011589918979123981
2023-09-11,0.0018363442910596106
2023-09-12,-0.017184905191208077
2023-09-13,-0.010108697625440755
2023-09-14,0.008295268523003108
2023-09-15,0.009837933947852928
2023-09-18,-0.01021405988351487
2023-09-19,0.005946241887408332
2023-09-20,-0.017085304290916925
2023-09-21,-0.019491850615975803
2023-09-22,0.016110279297042895
2023-09-25,-0.000727586565572258
2023-09-26,-0.012499061424746438
2023-09-27,0.00436621078592081
2023-10-04,-0.01978110255674992
2023-10-05,-0.009408553838399114
2023-10-06,0.005818593384031123
2023-10-10,0.006611821097769255
2023-10-11,-0.009985767769285947
2023-10-12,0.005074168271075541
2023-10-13,-0.007017973198173544
2023-10-16,0.008593385980566914
2023-10-17,-0.011040215017867228
2023-10-18,-0.0011046452009030316
2023-10-19,0.0006679092759795946
2023-10-20,-0.012842735762192525
2023-10-23,-0.005543298205207048
2023-10-24,0.0014206400045808643
2023-10-25,0.03429431678279893
2023-10-26,0.0018275977694344192
2023-10-27,0.019170001748616272
2023-10-30,0.005145799185646727
2023-10-31,0.01285442706091322
2023-11-01,0.008861518346657826
2023-11-02,-0.003996926122151634
2023-11-03,0.008286117723442121
2023-11-06,-0.01234548209983588
2023-11-07,0.0004759016486661771
2023-11-08,0.004163799561659243
2023-11-09,0.01293971297067964
2023-11-10,-0.02167000968781707
2023-11-13,0.004671422112354495
2023-11-14,0.0038356688618010892
2023-11-15,0.002928853320236069
2023-11-16,-0.0101013106670087
2023-11-17,0.002620434320985021
2023-11-20,-0.0006954008234387743
2023-11-21,0.008680646241016943
2023-11-22,0.006129986572981805
2023-11-23,0.013263840130168347
2023-11-24,-0.006775881993997146
2023-11-27,-0.008024251753097289
2023-11-28,0.011037393967750608
2023-11-29,-0.008638683666675084
2023-11-30,0.010262414793776431
2023-12-01,-0.00222787247181766
2023-12-04,-0.016251119480443665
2023-12-05,0.0018804418207190032
2023-12-06,-0.0036790928581873494
2023-12-07,-0.005992900544626534
2023-12-08,-0.0022986070823071136
2023-12-11,-0.006579425165343045
2023-12-12,0.006050300275872278
2023-12-13,-0.013025818502403474
2023-12-14,0.010958390460562795
2023-12-15,0.01026211639573682
2023-12-18,-0.0019460072827081065
2023-12-19,-0.004251378069093481
2023-12-20,0.008201469742740608
2023-12-21,-0.012025312588103132
2023-12-22,-0.0032363144905169783
2023-12-26,0.017229313976860006
2023-12-27,-0.005145972032215562
2023-12-28,0.02098752961290007
2024-01-02,-0.007516480563593442
2024-01-03,-0.008527454685970826
2024-01-04,-0.018681425970706766
2024-01-05,0.0052901170027821465
2024-01-08,-0.007494937601310481
2024-01-09,0.006362051447919681
2024-01-10,0.004978870411275649
2024-01-11,0.008507645221023763
2024-01-12,0.0037469772836402626
2024-01-15,0.004476252326461649
2024-01-16,0.003971846466535034
2024-01-17,-0.003906899783900797
2024-01-18,0.012490050767361094
2024-01-19,0.004753457555723539
2024-01-22,0.04389517660008657
2024-01-23,-0.00033803150737499177
2024-01-24,-0.016667422369433638
2024-01-25,-0.015814080413928955
2024-01-26,-0.0004410720381784472
2024-01-29,-0.025292803458990876
2024-01-30,0.010795075384070874
2024-01-31,0.007605574741742727
2024-02-01,-0.008211320281945378
2024-02-02,0.038768841132058585
2024-02-05,-3.647010215268587e-06
2024-02-06,0.008716270018565675
2024-02-07,0.02833307200868207
2024-02-08,0.003884065981504259
2024-02-13,0.01501935987088876
2024-02-14,0.0014893988095099342
2024-02-15,-0.008067720403632017
2024-02-16,0.015667098193203
2024-02-19,-0.00030579438151701055
2024-02-20,-0.006511898600449539
2024-02-21,-6.070020805792886e-05
2024-02-22,0.01241098901850024
2024-02-23,0.00854927784821502
2024-02-26,0.003584502060866912
2024-02-27,-0.004786059499779838
2024-02-28,-6.279992762159292e-05
2024-02-29,0.007950683569534878
2024-03-04,0.016232536408314457
2024-03-05,-0.0006597253821236659
2024-03-06,0.012031649530279243
2024-03-07,-0.00018790088505293845
2024-03-08,-0.005300055154079497
2024-03-11,-0.02129623429805083
2024-03-12,0.016436922730517
2024-03-13,0.009041445986323726
2024-03-14,0.006932252725839527
2024-03-15,0.001934008854274305
2024-03-18,0.018596533395320636
2024-03-19,0.006689715859343526
2024-03-20,-0.00773681426303563
2024-03-21,0.012085045186886356
2024-03-22,0.018029852618796527
2024-03-25,0.0076170789158733765
2024-03-26,0.010796943118802638
2024-03-27,0.0007857403009114972
2024-03-28,-0.013447426091317882
2024-03-29,0.005783300646075018
2024-04-01,-0.004431239121936215
2024-04-02,0.0035854586999097826
2024-04-03,-0.028858271885185305
2024-04-04,0.03392214847959685
2024-04-05,-0.015807408058912786
2024-04-08,0.016271389677851023
2024-04-09,0.018640553280681038
2024-04-11,0.019547101317462623
2024-04-12,0.022937058161562218
2024-04-15,0.02058164433363774
2024-04-16,-0.016065883425564476
2024-04-17,0.0005355996937213003
2024-04-18,0.031014594849969823
2024-04-19,-0.0025875534686881085
2024-04-22,0.007862038925576798
2024-04-23,0.02206660274371175
2024-04-24,-0.0008473520578021754
2024-04-25,-0.009604719670597839
2024-04-26,0.019157210902712718
2024-04-29,-0.007966096717571203
2024-04-30,0.020369316312606855
2024-05-02,-0.004926797134269689
2024-05-03,0.003210009815901138
2024-05-07,-0.008830893888879476
2024-05-08,0.017961879393668223
2024-05-09,0.010971316107465379
2024-05-10,0.018763325410717346
2024-05-13,0.020170924869073348
2024-05-14,0.002792350644591046
2024-05-16,0.0023626938103813444
2024-05-17,0.004526193654737831
2024-05-20,0.02544795789688381
2024-05-21,-0.0012705623390801835
2024-05-22,0.0024046618926363283
2024-05-23,-0.036636291576546354
2024-05-24,-0.013712727337397923
2024-05-27,0.0031802537800997843
2024-05-28,0.0006352681307590924
2024-05-29,0.01110768081070379
2024-05-30,-0.0009529540760988553
2024-05-31,0.0044500964139431165
2024-06-03,0.00370762121170376
2024-06-04,-0.020288153743111326
2024-06-05,-0.0020103535580713316
2024-06-07,0.013333164009463827
2024-06-10,-0.006925546335593391
2024-06-11,0.014469136602414556
2024-06-12,-0.0026104300631974997
2024-06-13,0.004017036471650082
2024-06-14,0.0006046000612325297
2024-06-17,-0.02517589575522927
2024-06-18,-0.014757862440641922
2024-06-19,-0.00033329811458404635
2024-06-20,-0.009885691295938748
2024-06-21,0.005539531073067483
2024-06-24,-0.027279140177632777
2024-06-25,0.004587764659704341
2024-06-26,0.005539907114917364
2024-06-27,0.008524901498948134
2024-06-28,0.0024503839061769117
2024-07-01,-0.01024954136786338
2024-07-02,-0.010707624711063013
2024-07-03,-0.004257799842607102
2024-07-04,0.010630147141860391
2024-07-05,-0.00344732003063164
2024-07-08,0.03636525406574154
2024-07-09,0.0031023179095395204
2024-07-10,0.01835185741535028
2024-07-11,0.0008174456862948265
2024-07-12,-0.014299250026616472
2024-07-15,0.0017105928682930038
2024-07-16,0.022346361402933557
2024-07-17,-0.017540516058244027
2024-07-18,-0.02700146212765331
2024-07-19,-0.00998331483741799
2024-07-22,-0.017106240171695264
2024-07-23,-0.0019779911840370756
2024-07-24,-0.013378761811322915
2024-07-25,-0.038170677310326084
2024-07-26,0.02328334095608553
2024-07-29,-0.0026419216802346934
2024-07-30,-0.03972735353252255
2024-07-31,0.022138911185668464
2024-08-01,-0.040920098484534484
2024-08-02,-0.09190117766431083
2024-08-05,-0.01756676773773236
2024-08-06,0.01766748767698889
2024-08-07,0.01722112392637465
2024-08-08,-0.020898310114157992
2024-08-09,0.054330995853936415
2024-08-12,-0.0011520451579919433
2024-08-13,0.008395726448341634
2024-08-14,-0.014721551956063617
2024-08-16,-0.001706439485367195
2024-08-19,0.00010746401308359133
2024-08-20,0.006279719202342271
2024-08-21,0.004143112186087539
2024-08-22,-0.001019163957503455
2024-08-23,0.0016155868089429148
2024-08-26,0.004838565694370134
2024-08-27,0.0014590088113732858
2024-08-28,-0.01147287582434442
2024-08-29,-0.0029914787784769414
2024-08-30,0.007679608446458097
2024-09-02,0.00012160941231043054
2024-09-03,0.0
2024-09-04,0.0
2024-09-05,0.0
2024-09-06,0.0
2024-09-09,0.009927034919548827
2024-09-10,0.009461664773051215
2024-09-11,0.02651364343741669
2024-09-12,0.004677905211061706
2024-09-13,0.030456768182095972
2024-09-19,0.016276016860375275
2024-09-20,0.0013063013967307135
2024-09-23,0.0036124600031512966
2024-09-24,0.0199865509991628
2024-09-25,0.000726486779214941
2024-09-26,0.007343928241403841
2024-09-27,-0.0006981233968547107
2024-09-30,0.012255366200212059
2024-10-02,-0.011549371076059911
2024-10-04,0.009156779124151138
2024-10-07,0.020496167351026218
2024-10-08,0.007971205103107115
2024-10-10,0.00018472725312546068
2024-10-11,0.011279243003852635
2024-10-14,0.007627541834112073
2024-10-15,0.02575426631397737
2024-10-16,-0.0002874883399081041
2024-10-17,0.009341673229990466
2024-10-18,0.0066266284623455185
2024-10-21,-0.008592246223990352
2024-10-22,0.024811339199462656
2024-10-23,-0.02375043848677094
2024-10-24,0.016172351854924383
2024-10-25,0.009184114336607818
2024-10-28,-0.027648209115871625
2024-10-29,0.008040323933971916
2024-10-30,0.009908345329838308
2024-10-31,-0.004909590304526867
2024-11-01,-0.012418156271552072
2024-11-04,0.020417445128772638
2024-11-05,0.012054853999486692
2024-11-06,0.03812030477872197
2024-11-07,0.003458362438812923
2024-11-08,-0.017735500679685323
2024-11-11,-0.0074577228838040854
2024-11-12,0.0004720997582512432
2024-11-13,0.002201837866573353
2024-11-14,0.0027575692611232494
2024-11-15,0.0026128832549920933
2024-11-18,0.01234885029987165
2024-11-19,0.011091362968949525
2024-11-20,0.010452195071617654
2024-11-21,-0.00233826598736786
2024-11-22,0.0012863508183917904
2024-11-25,0.010481030022224891
2024-11-26,-0.006057532236848129
2024-11-27,0.006781795083314002
2024-11-28,0.015053339869774751
2024-11-29,0.0041071477011471735
2024-12-02,0.0029924777994698726
2024-12-03,0.0
2024-12-04,0.0
2024-12-05,0.0
2024-12-06,0.0
2024-12-09,-0.031059870287096558
2024-12-10,0.030032801104304063
2024-12-11,0.02112483652915631
2024-12-12,-0.007012108731931366
2024-12-13,0.009813838389408858
2024-12-16,0.0009288880740481176
2024-12-17,-0.0013303770316633878
2024-12-18,-0.006851705596148561
2024-12-19,-0.017341444225261737
2024-12-20,0.007614329888943727
2024-12-23,0.000868423176441091
2024-12-24,-0.006032870849310701
2024-12-26,0.010183568659234421
2024-12-27,-0.01677910284963413
2024-12-30,0.02179373344233393
2025-01-02,0.023526723721553733
2025-01-03,0.017972831666214883
2025-01-06,-0.04068446201540199
2025-01-07,0.017784812161928842
2025-01-08,-0.00671013039878765
2025-01-09,0.0321993701104355
2025-01-10,0.009005859642416514
2025-01-13,0.011465896203393333
2025-01-14,-0.009044899623262048
2025-01-15,0.012404350071994585
2025-01-16,0.008917717388422064
2025-01-17,0.007274786708761027
2025-01-20,-0.021515069447869184
2025-01-21,0.02525282743697832
2025-01-22,-0.013352206133487976
2025-01-23,0.0015343487541865652
2025-01-24,0.028087382248324078
2025-01-31,0.012487985388678569
2025-02-03,0.0023512985920908225
2025-02-04,0.02378769206103315
2025-02-05,-0.005159045954086561
2025-02-06,0.011253259917078706
2025-02-07,-0.005471161514732259
2025-02-10,0.056666130461169084
2025-02-11,0.005332643235044676
2025-02-12,0.024896591952838554
2025-02-13,0.018703738276018234
2025-02-14,-0.0026574264180686535
2025-02-17,0.036168554937767494
2025-02-18,-0.015174384596641555
2025-02-19,0.07541442451416414
2025-02-20,0.01565172208701293
2025-02-21,0.0029329968473685852
2025-02-24,0.012823432042115668
2025-02-25,-0.03178324074048877
2025-02-26,-0.006146107994842387
2025-02-27,0.00287752887693582
2025-02-28,-0.052231990888685575
2025-03-04,-0.005847241252753488
2025-03-05,0.00380311174432868
2025-03-06,0.004566830229593144
2025-03-07,0.007191893435440466
2025-03-10,-0.013380022841872896
2025-03-11,-0.028131599970263155
2025-03-12,-0.002783364306231273
2025-03-13,0.010610739989999729
2025-03-14,-0.006037259686842211
2025-03-17,-0.02488510008404321
2025-03-18,-0.016387518031251602
2025-03-19,0.008877651734095826
2025-03-20,0.002295528901808286
2025-03-21,-0.009466450622627964
2025-03-24,-0.028522544688887708
2025-03-25,-0.007859740448822539
2025-03-26,-0.00046266470341416177
2025-03-27,-0.007826169913209613
2025-03-28,-0.008114656557775657
2025-03-31,0.012618670856992864
2025-04-01,0.01780160603038894
2025-04-02,-0.002038327608499979
2025-04-03,0.008444481846360485
2025-04-04,-0.008454451490024328
2025-04-07,-0.02808991961955576
2025-04-08,0.018783923223804733
2025-04-09,-0.007184301918506053
2025-04-10,0.041644561085184995
2025-04-11,0.034646963023650335
2025-04-14,0.009323690459040135
2025-04-15,0.0016277203127152973
2025-04-16,0.008202341839854466
2025-04-17,0.014514717992742954
2025-04-18,-0.0007435215781794735
2025-04-21,-0.011292930774309595
2025-04-22,0.03964780521725575
2025-04-23,-0.005967154508708994
2025-04-24,0.0435518839083735
2025-04-25,0.06668207552272976
2025-04-28,0.00044508439178758685
2025-04-29,0.010932463646137425
2025-04-30,0.00970000973171814
2025-05-02,0.014488780949477587
2025-05-07,0.014971440015733917
2025-05-08,0.013387989175290826
2025-05-09,0.07992431463729077
2025-05-12,-0.0334466270313748
2025-05-13,0.00999991327262939
2025-05-14,0.020942816176261037
2025-05-15,0.0015276915819892878
2025-05-16,0.023647515818976395
2025-05-19,-0.007500562879094841
2025-05-20,0.006992048220278768
2025-05-21,0.013645071969289546
2025-05-22,-0.007995195288347356
2025-05-23,0.010974882962771382
2025-05-26,0.011330418490446581
2025-05-27,0.008148530808446353
2025-05-28,-0.0044330216164097935
2025-05-29,0.02779084290587064
2025-05-30,-0.0031512207016559657
2025-06-02,-0.00020630843704949609
2025-06-04,0.020253472127330863
2025-06-05,-0.005986219640186419
2025-06-09,-0.015590308748616222
2025-06-10,0.03810065506802629
2025-06-11,0.006847885290613975
2025-06-12,-0.002334294807286197
2025-06-13,-0.005550946455511352
2025-06-16,0.017750484362433205
2025-06-17,-0.015185011245279378
2025-06-18,-0.0018934844065875422
2025-06-19,0.01585428512562781
2025-06-20,0.023782322736541017
2025-06-23,0.0006884245586638027
2025-06-24,-0.0027782299494287788
2025-06-25,-0.00297636585143779
2025-06-26,0.011338175271375484
2025-06-27,-0.02620055697116508
2025-06-30,0.005231731567263642
2025-07-01,0.015159799387145512
2025-07-02,-0.0122656836076529
2025-07-03,0.005151432265570799
2025-07-04,-0.02846806406517277
2025-07-07,-0.0023493396299141267
2025-07-08,0.028165668545186096
2025-07-09,0.02547456811943527
2025-07-10,0.02653372788677788
2025-07-11,-0.0028228080809294953
2025-07-14,0.02583309981683013
2025-07-15,-0.00997072778536956
2025-07-16,-0.0046984523718803795
2025-07-17,-0.09097929164239671
2025-07-18,-0.007225319699066923
2025-07-21,-0.007237874722422877
2025-07-22,-0.01166752759813916
2025-07-23,0.009124148617318362
2025-07-24,0.010126981264250157
2025-07-25,-0.008170187987540212
2025-07-28,-0.01289378449855283
2025-07-29,-0.002497759640089914
2025-07-30,0.0023269634878939627
2025-07-31,-0.0033162345794248704
2025-08-01,0.0122889854753363
2025-08-04,-0.010045830933224864
2025-08-05,0.00129334671813508
2025-08-06,-0.004465276315712474
2025-08-07,-0.0035471020337795034
2025-08-08,0.008759371500308477
2025-08-11,0.024065940058404012
2025-08-12,0.0051443744866837005
2025-08-13,0.014760209178170447
2025-08-14,0.012473743624979772
2025-08-18,-0.03983651562993684
2025-08-19,0.01723527650443346
2025-08-20,-0.01185292104323854
2025-08-21,-0.008999373632883945
2025-08-22,-0.011771955541878376
2025-08-25,0.01224949719324031
2025-08-26,0.0013572950102933579
2025-08-27,0.002218494560109585
2025-08-28,-0.02482464627551506
2025-08-29,-0.00420130526674467
2025-09-01,-0.014403151786968271
2025-09-02,-0.008550741912835336
2025-09-03,-0.0032248305762316853
2025-09-04,-0.0012019798261935222
2025-09-05,-0.001295219577015616
2025-09-08,-0.0074564414917356325
2025-09-09,0.018971272920164095
2025-09-10,0.006761907333338701
2025-09-11,0.01330306564685979
2025-09-12,-0.006233878548037586
2025-09-15,0.024280092699495714
2025-09-16,0.019513911572654363
2025-09-17,0.000710975415227022
2025-09-18,0.004680608856502788
2025-09-19,-0.004165397918332703
2025-09-22,-0.004092904563767319
2025-09-23,0.0022074734481041247
2025-09-24,-0.0023352296246177406
2025-09-25,-0.006436734907554698
2025-09-26,-0.03183178228702732
2025-09-29,0.002575348420435164
2025-09-30,0.0048439196858909295
2025-10-01,0.005589372322854613
2025-10-02,0.003743654656248596
2025-10-10,0.011817087416423178
2025-10-13,-0.009264955591829938
2025-10-14,-0.030155252476409933
2025-10-15,0.04331709066643352
2025-10-16,0.00946880851562848
2025-10-17,0.00020401622767995953
2025-10-20,0.021151962132125446
2025-10-21,0.010948037843357739
2025-10-22,-0.003443563014409623
2025-10-23,0.06615328555622213
2025-10-24,0.011900995995531849
2025-10-27,0.012916179481042178
2025-10-28,0.010091382777709601
2025-10-29,0.01752508237128869
2025-10-30,0.01440754789961507
2025-10-31,0.009783196151405216
2025-11-03,0.04482560840109895
2025-11-04,-0.008824603807642162
2025-11-05,-0.02222119137167433
2025-11-06,0.01034019942525033
2025-11-07,-0.015550031463675285
2025-11-10,0.031031196527575133
2025-11-11,0.018956162949907096
2025-11-12,0.015803307898067942
2025-11-13,0.0035343186855445463
2025-11-14,-0.018486501169849956
2025-11-17,0.0017900682977864957
2025-11-18,-0.02940196349374713
2025-11-19,-0.006484398225001575
2025-11-20,0.01559540573205398
2025-11-21,-0.033548209867772294
2025-11-24,-0.016068308980574764
2025-11-25,0.02335641427431967
2025-11-26,0.015423825830857663
2025-11-27,-0.023896420976221577
2025-11-28,0.00044950011159139436
2025-12-01,-0.004715331683821211
2025-12-02,0.012718206194940684
2025-12-03,0.0032263797312983566
2025-12-04,-0.008360932496586204
2025-12-05,0.010121791952297121
2025-12-08,0.001887822709583542
2025-12-09,-0.016114599904677895
2025-12-10,0.009452012108602359
2025-12-11,-0.012223057074108867
2025-12-12,-0.024246424324292803
2025-12-15,-0.014157113480326333
2025-12-16,-0.01645322055414944
2025-12-17,0.01952130090705717
2025-12-18,0.006025190061004659
2025-12-19,0.0035911154223531305
2025-12-22,0.023940207468769126
2025-12-23,0.008342140631926176
2025-12-24,0.0020889225974543013
2025-12-26,-0.0004381225298557556
2025-12-29,0.014529680998520034
2025-12-30,0.02260501035202611
2026-01-02,0.04000064431848416
2026-01-05,0.026012696380502742
2026-01-06,0.03723842372786601
2026-01-07,-0.0024618279968073864
2026-01-08,0.02968659910640259
2026-01-09,0.00933364297611372
2026-01-12,0.018744497750839972
2026-01-13,0.0048061728825898875
2026-01-14,-0.018703487020050424
2026-01-15,0.015693007805905212
2026-01-16,-0.00975207963215663
2026-01-19,0.004788896591106928
2026-01-20,-0.00942398170729375
2026-01-21,0.006367415927022169
2026-01-22,-0.01776360926424514
2026-01-23,-0.010453693108195106
2026-01-26,0.014242837921715434
2026-01-27,0.026995808174812064
2026-01-28,0.015880477941977222
2026-01-29,0.06518341643551895
2026-01-30,0.031724518088506404
2026-02-02,-0.027222758498796296
2026-02-03,0.0
2026-02-04,0.0
2026-02-05,0.0
2026-02-06,0.0
2026-02-09,0.019518607734340332
2026-02-10,-0.012534622837537923
2026-02-11,0.024831298373569233
2026-02-12,0.024843803556606092
2026-02-13,0.0065892958241924315
2026-02-19,0.06564152151069225
2026-02-20,0.006952086949964853
2026-02-23,-0.028687216758068956
2026-02-24,0.02259773583333713
2026-02-25,0.03514193315207503
2026-02-26,0.016683945361134933
2026-02-27,-0.010044567631179224
2026-03-03,-0.06596391179985994
2026-03-04,-0.0963970616798191
2026-03-05,0.0625795554135189
2026-03-06,0.039203822479797035
2026-03-09,-0.05270201570052446
2026-03-10,0.01172422289968078
2026-03-11,0.0063704303994196465
2026-03-12,-0.004530733310846302
2026-03-13,-0.035386308966781854
2026-03-16,-0.00767258819219363
2026-03-17,0.0025674769398120745
2026-03-18,0.07028199127332435
2026-03-19,0.002578720748200647
2026-03-20,0.03182856110753929
2026-03-23,-0.025992102903099057
2026-03-24,0.0018569985210563633
2026-03-25,0.015618385715148175
2026-03-26,-0.02175183561713767
2026-03-27,0.01730109376069766
2026-03-30,-0.007511696050946259
2026-03-31,-0.040140905029711904
2026-04-01,0.046936779739972456
2026-04-02,-0.019823692572058627
2026-04-03,0.017823922992289187
2026-04-06,0.016820196631272433
2026-04-07,0.03790699405927289
2026-04-08,0.03885961415090167
2026-04-09,0.012225337228148003
2026-04-10,-0.01714619684926988
2026-04-13,-0.01261810353618642
2026-04-14,0.01580057348232855
2026-04-15,0.002244795192394955
2026-04-16,0.005168442292956765
2026-04-17,0.00991964667573475
2026-04-20,0.023472879367863797
2026-04-21,0.04655677251453305
2026-04-22,0.008712014680047009
2026-04-23,-0.0028630891340398756
2026-04-24,0.016574775832775446
2026-04-27,0.009839689756217407
2026-04-28,0.02440384198374601
2026-04-29,0.06628464492056318
2026-04-30,-0.020556526802079755
2026-05-04,0.025204954181662798
2026-05-06,0.020046706735316278
2026-05-07,-0.0024897826645575716
2026-05-08,-0.008112670690902712
2026-05-11,0.04588173066845025
