date,equity
2020-01-02,108512223.25631584
2020-01-03,109139714.73267156
2020-01-06,103750616.72602235
2020-01-07,104189955.4670128
2020-01-08,105025490.64720266
2020-01-09,107389518.37049618
2020-01-10,109298611.01338631
2020-01-13,110925708.98529601
2020-01-14,109384857.38368759
2020-01-15,107636557.73036036
2020-01-16,108808708.75254151
2020-01-17,109264025.79968825
2020-01-20,107843893.67941952
2020-01-21,107348806.69236702
2020-01-22,108982073.59856573
2020-01-23,111208280.46133357
2020-01-28,110995017.78481206
2020-01-29,111631371.67515518
2020-01-30,109886508.89444605
2020-01-31,108500259.6401799
2020-02-03,108386792.52008015
2020-02-04,110085064.09739827
2020-02-05,108337374.52847616
2020-02-06,110229931.91887797
2020-02-07,109732701.70724562
2020-02-10,110173924.42941695
2020-02-11,112738632.31512052
2020-02-12,114855818.13787144
2020-02-13,115219538.28905067
2020-02-14,114877231.16765004
2020-02-17,115031125.04544348
2020-02-18,114491481.28921759
2020-02-19,116701403.7023141
2020-02-20,117108088.4667947
2020-02-21,116270484.3011286
2020-02-24,114360311.09845728
2020-02-25,113790488.94910148
2020-02-26,114774417.83756647
2020-02-27,113901785.73743847
2020-02-28,111445111.68450129
2020-03-02,113653622.10411337
2020-03-03,113414340.76937819
2020-03-04,116078832.64419472
2020-03-05,118201444.10154377
2020-03-06,117799694.13005695
2020-03-09,111287030.57615556
2020-03-10,112979411.14532569
2020-03-11,108025991.86982356
2020-03-12,105507523.4179748
2020-03-13,104198320.8528339
2020-03-16,102199849.92649803
2020-03-17,103889204.56628063
2020-03-18,103665791.22864507
2020-03-19,99999959.39007118
2020-03-20,104570936.14719698
2020-03-23,108696146.29046822
2020-03-24,110738818.98377046
2020-03-25,107392396.49481218
2020-03-26,106502761.94920543
2020-03-27,107411822.64457777
2020-03-30,108764413.80142465
2020-03-31,117507506.02429268
2020-04-01,111103129.70165682
2020-04-02,110331510.87969786
2020-04-03,110445403.17321408
2020-04-06,113547815.97190264
2020-04-07,113382019.36486538
2020-04-08,113192681.3002634
2020-04-09,114099297.51784219
2020-04-10,112178613.48464763
2020-04-13,113233967.2048645
2020-04-14,114130095.63498884
2020-04-16,114459074.0384508
2020-04-17,113467790.45925906
2020-04-20,114270684.03324452
2020-04-21,112969228.08119303
2020-04-22,113135725.45194444
2020-04-23,117848337.50774778
2020-04-24,115189460.33997302
2020-04-27,118830806.4613928
2020-04-28,123952017.80134284
2020-04-29,122439593.00444719
2020-05-04,121403777.16849613
2020-05-06,121571064.66377604
2020-05-07,122541527.9309437
2020-05-08,124438039.27245858
2020-05-11,117163060.14280908
2020-05-12,116487925.00172667
2020-05-13,116248768.86126345
2020-05-14,117473126.51427107
2020-05-15,117163476.23051679
2020-05-18,122488776.2939718
2020-05-19,121161059.29386017
2020-05-20,121850036.57419837
2020-05-21,121757202.07408547
2020-05-22,122786885.44621995
2020-05-25,126195180.67041129
2020-05-26,121455646.84994137
2020-05-27,125558303.77001694
2020-05-28,126113201.52775206
2020-05-29,126274827.5046417
2020-06-01,115783028.70894141
2020-06-02,123602361.95580262
2020-06-03,133732759.6380724
2020-06-04,132922218.03076528
2020-06-05,129978297.04018264
2020-06-08,147568574.62523234
2020-06-09,148592777.92383385
2020-06-10,149182011.78614935
2020-06-11,152800913.45216218
2020-06-12,151952580.1346795
2020-06-15,149258205.56124777
2020-06-16,155155081.57613853
2020-06-17,155829778.20039847
2020-06-18,153527323.38681898
2020-06-19,152072033.66481784
2020-06-22,157999258.23927677
2020-06-23,159767301.19992918
2020-06-24,161563658.72155583
2020-06-25,160622391.7115428
2020-06-26,159592893.17258507
2020-06-29,155382492.59057873
2020-06-30,155725595.1183607
2020-07-01,156333724.33944714
2020-07-02,160919383.07733378
2020-07-03,162230528.9531147
2020-07-06,166967732.0837608
2020-07-07,167963164.19440243
2020-07-08,168131815.79370862
2020-07-09,168296416.2101704
2020-07-10,167274064.66170448
2020-07-13,164989206.57488847
2020-07-14,164241274.74791056
2020-07-15,163457654.54494452
2020-07-16,163289594.878452
2020-07-17,163306524.96339208
2020-07-20,167366413.69307864
2020-07-21,176335976.47134295
2020-07-22,181321377.94171232
2020-07-23,177865713.34159127
2020-07-24,174999672.5256964
2020-07-27,176579332.6579694
2020-07-28,177631288.28479198
2020-07-29,179614581.4071405
2020-07-30,181523179.1320586
2020-07-31,180030314.3387443
2020-08-03,182430801.27204007
2020-08-04,182430801.27204007
2020-08-05,182430801.27204007
2020-08-06,182430801.27204007
2020-08-07,182430801.27204007
2020-08-10,186891417.0731238
2020-08-11,185491246.32497504
2020-08-12,180084460.9146058
2020-08-13,177379138.58237773
2020-08-14,170977496.89847887
2020-08-18,169125799.40555835
2020-08-19,172536993.18345228
2020-08-20,173074932.63756555
2020-08-21,173857352.2571121
2020-08-24,180400012.11649746
2020-08-25,181156456.14660755
2020-08-26,179433676.5579256
2020-08-27,175757842.72465205
2020-08-28,176691122.9517439
2020-08-31,172480538.22994328
2020-09-01,169128648.00727063
2020-09-02,168831399.39753985
2020-09-03,167604917.64955962
2020-09-04,165713525.31784028
2020-09-07,166556423.0215571
2020-09-08,166577552.07881248
2020-09-09,168519221.18289763
2020-09-10,170506716.51897672
2020-09-11,169287831.47336167
2020-09-14,175458336.6262709
2020-09-15,176530953.49312383
2020-09-16,174918356.16715372
2020-09-17,178413800.98410523
2020-09-18,176460266.5710904
2020-09-21,175961174.5431658
2020-09-22,171052707.2827819
2020-09-23,172761042.09426683
2020-09-24,171901890.73068595
2020-09-25,170131179.03274813
2020-09-28,172060540.86918226
2020-09-29,172704606.2679623
2020-10-05,174655391.6287294
2020-10-06,174655391.6287294
2020-10-07,174655391.6287294
2020-10-08,174655391.6287294
2020-10-12,173712642.65974537
2020-10-13,171538974.28961146
2020-10-14,170852034.8669074
2020-10-15,170742493.0232606
2020-10-16,167221492.29445845
2020-10-19,168374571.50524694
2020-10-20,169521902.59785938
2020-10-21,169916171.84921715
2020-10-22,172118268.44160557
2020-10-23,172794337.96158046
2020-10-26,174884548.45116162
2020-10-27,173879202.34147143
2020-10-28,174668207.8569855
2020-10-29,174692833.9141444
2020-10-30,171930616.49018186
2020-11-02,172243093.27319762
2020-11-03,181524513.97480035
2020-11-04,179769485.7236228
2020-11-05,181391922.5018239
2020-11-06,184830785.025451
2020-11-09,171409552.07378602
2020-11-10,170029234.31313804
2020-11-11,161758053.69679734
2020-11-12,162294967.3014085
2020-11-13,161348108.36843652
2020-11-16,167687847.17379
2020-11-17,170628312.08654797
2020-11-18,173367869.20064455
2020-11-19,176234909.1154546
2020-11-20,173619954.1973399
2020-11-23,173644436.1810606
2020-11-24,170760035.28538346
2020-11-25,167850145.2207129
2020-11-26,169688401.8330142
2020-11-27,172041330.16606694
2020-11-30,184909333.3371268
2020-12-01,183133868.75387856
2020-12-02,178994429.26516032
2020-12-03,179421761.19215313
2020-12-04,177699823.56985813
2020-12-07,183419854.93282956
2020-12-08,181483635.516095
2020-12-09,185793440.03363442
2020-12-10,184360162.15221083
2020-12-11,182192852.87585932
2020-12-14,176226068.45988452
2020-12-15,177250873.09373003
2020-12-16,178198625.0789476
2020-12-17,177143409.8281616
2020-12-18,173208469.6953706
2020-12-21,172676920.71565932
2020-12-22,170744876.5816085
2020-12-23,172334590.99556488
2020-12-24,173374960.80858102
2020-12-28,173656003.22752783
2020-12-29,172688003.62042135
2020-12-30,175289539.8429595
2021-01-04,178215855.93672478
2021-01-05,178215855.93672478
2021-01-06,178215855.93672478
2021-01-07,178215855.93672478
2021-01-08,178215855.93672478
2021-01-11,170123625.71749318
2021-01-12,167298545.34964046
2021-01-13,169105414.30897883
2021-01-14,170676162.60054266
2021-01-15,168464754.89375016
2021-01-18,175153236.97782767
2021-01-19,188026807.85188782
2021-01-20,192993749.54521912
2021-01-21,198840423.4804772
2021-01-22,194797260.12986562
2021-01-25,197605315.9313318
2021-01-26,196408713.7660473
2021-01-27,194383966.251065
2021-01-28,191530153.0192418
2021-01-29,189207611.0800735
2021-02-01,188913728.25135058
2021-02-02,188239527.47501498
2021-02-03,194444839.01641425
2021-02-04,193950851.01548645
2021-02-05,196562058.74902415
2021-02-08,203582577.91503733
2021-02-09,201488666.67236066
2021-02-10,202017079.79755473
2021-02-15,191490332.11816534
2021-02-16,191394033.91533297
2021-02-17,190274237.2674057
2021-02-18,189286405.0823492
2021-02-19,191447929.1901918
2021-02-22,190085909.14494446
2021-02-23,194668564.5684425
2021-02-24,196913559.442005
2021-02-25,198221345.4020179
2021-02-26,197606933.98773384
2021-03-02,223137671.55906814
2021-03-03,224396660.70863593
2021-03-04,220328159.43640497
2021-03-05,220123509.94892716
2021-03-08,173478779.12865072
2021-03-09,170377590.82065004
2021-03-10,173906606.06219208
2021-03-11,176261843.59401914
2021-03-12,177322856.70340732
2021-03-15,173046552.41665792
2021-03-16,171644564.87740487
2021-03-17,163890859.4112152
2021-03-18,159574102.81172454
2021-03-19,159252522.0008722
2021-03-22,152406694.1753341
2021-03-23,153041061.19006023
2021-03-24,151465881.61044466
2021-03-25,151498997.47466087
2021-03-26,152390508.49725458
2021-03-29,167736683.02504638
2021-03-30,171583424.9858142
2021-03-31,170647813.00200596
2021-04-01,171876911.721681
2021-04-02,172422951.79648882
2021-04-05,190055819.84925836
2021-04-06,190178534.25754684
2021-04-07,192477541.01053476
2021-04-08,194034188.8299302
2021-04-09,194650418.65634322
2021-04-12,195214393.39116335
2021-04-13,197600925.59677202
2021-04-14,198498118.35105538
2021-04-15,201941877.59609303
2021-04-16,200648484.63326633
2021-04-19,200170530.96687555
2021-04-20,196850364.9439618
2021-04-21,195178192.45225847
2021-04-22,195195210.69684064
2021-04-23,203855352.0826301
2021-04-26,207827302.09021837
2021-04-27,208738940.51619756
2021-04-28,208508761.52583358
2021-04-29,210980516.70345795
2021-04-30,207503286.91567254
2021-05-03,207641664.3816905
2021-05-04,207641664.3816905
2021-05-06,207641664.3816905
2021-05-07,207641664.3816905
2021-05-10,211708244.52604428
2021-05-11,214925198.2557809
2021-05-12,213895625.2170055
2021-05-13,213946994.9795585
2021-05-14,216960895.8259691
2021-05-17,215905780.61427993
2021-05-18,217487186.8310479
2021-05-20,224536169.32419777
2021-05-21,220451868.51665044
2021-05-24,223084957.7784068
2021-05-25,224905753.6343491
2021-05-26,227168619.30773145
2021-05-27,232936869.98321512
2021-05-28,235057826.0095883
2021-05-31,236298678.19317067
2021-06-01,232548093.29176658
2021-06-02,236140540.13251704
2021-06-03,232914640.43422005
2021-06-04,232511469.6272369
2021-06-07,218384442.43092072
2021-06-08,214988357.08074552
2021-06-09,215567546.18117553
2021-06-10,215583229.8723377
2021-06-11,216410547.58768672
2021-06-14,217807227.0543971
2021-06-15,216038140.9104182
2021-06-16,217235536.0243536
2021-06-17,218857653.72507
2021-06-18,214817108.27499548
2021-06-21,209289596.84989026
2021-06-22,210871597.29465634
2021-06-23,213287385.9017307
2021-06-24,212230180.65407085
2021-06-25,215600928.42737252
2021-06-28,218077635.72324604
2021-06-29,220336818.21852466
2021-06-30,221132636.26915234
2021-07-01,225671076.60517913
2021-07-02,225170511.01085752
2021-07-05,239161064.21879977
2021-07-06,237530302.9318071
2021-07-07,238393583.70699525
2021-07-08,237037373.1292423
2021-07-09,237333787.7183717
2021-07-12,237789419.70283043
2021-07-13,238209203.81600302
2021-07-14,237454264.92071658
2021-07-15,237006263.69446278
2021-07-16,231020011.97135055
2021-07-19,224124204.86369327
2021-07-20,224574719.0501054
2021-07-21,223432348.02428463
2021-07-22,229783870.73819
2021-07-23,228366345.66076475
2021-07-26,226050327.5480597
2021-07-27,227524839.97295177
2021-07-28,227563262.93233865
2021-07-29,232566535.02208805
2021-07-30,233522211.6118855
2021-08-02,233541769.23169515
2021-08-03,233541769.23169515
2021-08-04,233541769.23169515
2021-08-05,233541769.23169515
2021-08-06,233541769.23169515
2021-08-09,233770433.45810595
2021-08-10,234320429.53341573
2021-08-11,232088391.05451107
2021-08-12,233335563.1114431
2021-08-13,233516289.77587646
2021-08-17,231811936.96587116
2021-08-18,235622776.15673912
2021-08-19,229948004.15787244
2021-08-20,228376576.4872554
2021-08-23,232049719.21274328
2021-08-24,237582667.34776527
2021-08-25,241544688.87661627
2021-08-26,240111568.9455189
2021-08-27,240091519.5431194
2021-08-30,241364373.8220628
2021-08-31,240177662.68142012
2021-09-01,240043207.04562628
2021-09-02,239136295.7607307
2021-09-03,236842681.9069982
2021-09-06,227595342.88456774
2021-09-07,230688033.89387432
2021-09-08,228632937.30527246
2021-09-09,225391160.0119518
2021-09-10,227681478.76966083
2021-09-13,223860565.7411767
2021-09-14,228561263.09784716
2021-09-15,228873260.22998574
2021-09-16,231759816.88187978
2021-09-17,228453192.243082
2021-09-23,221936264.19535872
2021-09-24,225224837.09522802
2021-09-27,225247463.10599285
2021-09-28,229672405.70653602
2021-09-29,229270405.16226327
2021-09-30,227863562.2361282
2021-10-01,222632481.78316203
2021-10-05,234343720.56635585
2021-10-06,228312877.198736
2021-10-07,227528279.12688735
2021-10-08,223318364.96234435
2021-10-12,226082096.7750263
2021-10-13,228543687.97259527
2021-10-14,228906678.74222362
2021-10-15,229590872.30589485
2021-10-18,230418594.47534007
2021-10-19,229989097.60239896
2021-10-20,228807014.9308675
2021-10-21,230450474.9053125
2021-10-22,226419733.18431598
2021-10-25,228816253.5871306
2021-10-26,224048955.9085687
2021-10-27,223809203.6041494
2021-10-28,211562545.82530528
2021-10-29,211871121.43890744
2021-11-01,209062764.39234
2021-11-02,209040953.98841688
2021-11-03,207012595.5399252
2021-11-04,206959434.9196373
2021-11-05,203600340.14692622
2021-11-08,206015260.8747589
2021-11-09,206932342.30635926
2021-11-10,205008579.6308507
2021-11-11,209692903.0588043
2021-11-12,218066433.6001699
2021-11-15,219602371.91631418
2021-11-16,220432055.27972102
2021-11-17,221230873.41992155
2021-11-18,223017964.49061638
2021-11-19,223871192.30518556
2021-11-22,226823757.43791115
2021-11-23,224633645.00140843
2021-11-24,223558373.39022288
2021-11-25,223267903.18879396
2021-11-26,222977184.0761838
2021-11-29,225535708.69243988
2021-11-30,218608634.3883063
2021-12-01,216059775.17997968
2021-12-02,215910397.50276145
2021-12-03,217244760.26150978
2021-12-06,217054364.49772042
2021-12-07,220803638.3964684
2021-12-08,219710556.48258078
2021-12-09,226522078.7773225
2021-12-10,224032489.93220395
2021-12-13,220283108.06110388
2021-12-14,217708756.8516056
2021-12-15,215119328.813196
2021-12-16,216154486.57915467
2021-12-17,212388980.05899596
2021-12-20,213116790.55061212
2021-12-21,216093930.07817274
2021-12-22,222408277.65827912
2021-12-23,221443037.13786644
2021-12-24,221349338.68378547
2021-12-27,222823243.09974998
2021-12-28,218365150.57115048
2021-12-29,216219002.38272828
2021-12-30,218356724.56622952
2022-01-03,217092577.93294036
2022-01-04,217092577.93294036
2022-01-05,217092577.93294036
2022-01-06,217092577.93294036
2022-01-07,217092577.93294036
2022-01-10,217830250.35457873
2022-01-11,221431097.79300135
2022-01-12,223473481.93204772
2022-01-13,226512466.10300446
2022-01-14,226643227.43989962
2022-01-17,222428537.41229564
2022-01-18,220086597.84253109
2022-01-19,221971764.99496832
2022-01-20,219781877.55705816
2022-01-21,220704100.80733094
2022-01-24,216836808.20485818
2022-01-25,216012368.812711
2022-01-26,220082040.9787365
2022-01-27,217137320.89439827
2022-01-28,222314592.77483445
2022-02-03,223570720.72225043
2022-02-04,224264769.95514965
2022-02-07,226822270.64766628
2022-02-08,222735697.96405506
2022-02-09,227251852.60785303
2022-02-10,228033095.03174436
2022-02-11,227478122.672051
2022-02-14,228329144.73943502
2022-02-15,227927876.17556447
2022-02-16,230724924.24425226
2022-02-17,228824476.1543401
2022-02-18,226305857.94628578
2022-02-21,238731314.48725542
2022-02-22,235846489.43770325
2022-02-23,236584040.80088687
2022-02-24,235486453.0851987
2022-02-25,239814091.14294824
2022-02-28,226028600.18914467
2022-03-02,234125665.1872493
2022-03-03,237410970.7085334
2022-03-04,238574785.85955742
2022-03-07,237913879.592026
2022-03-08,237126857.9257768
2022-03-10,236851307.01333016
2022-03-11,242171551.62450555
2022-03-14,231951180.88125038
2022-03-15,230805729.2463215
2022-03-16,229671373.3858515
2022-03-17,227385696.77658385
2022-03-18,228803134.3068714
2022-03-21,222320862.35023713
2022-03-22,226581410.43678725
2022-03-23,229356742.9625103
2022-03-24,230328831.5853035
2022-03-25,229261200.78928408
2022-03-28,233579649.67363137
2022-03-29,229331941.15936968
2022-03-30,228988535.1704804
2022-03-31,230633950.13186347
2022-04-01,231281990.25673583
2022-04-04,239752477.27663475
2022-04-05,241001281.37584928
2022-04-06,243132564.87242675
2022-04-07,239692032.18215773
2022-04-08,240067174.7410667
2022-04-11,241883836.6283645
2022-04-12,241300879.23499537
2022-04-13,243011551.70381048
2022-04-14,246110610.90100777
2022-04-15,247346371.15474147
2022-04-18,246054954.94032088
2022-04-19,244862525.71025464
2022-04-20,244914882.9685018
2022-04-21,246894904.19772026
2022-04-22,250590656.88891438
2022-04-25,243420031.24802563
2022-04-26,243214757.93251786
2022-04-27,243070595.26739803
2022-04-28,253183386.93557483
2022-04-29,250904429.87888092
2022-05-02,247616538.6481633
2022-05-03,247616538.6481633
2022-05-04,247616538.6481633
2022-05-06,247616538.6481633
2022-05-09,245404601.63507262
2022-05-10,242554215.23542988
2022-05-11,243194464.4432542
2022-05-12,251201970.8543185
2022-05-13,264447202.08729994
2022-05-16,261622738.0536968
2022-05-17,265061798.27440295
2022-05-18,262391142.9718331
2022-05-19,261379684.1418217
2022-05-20,262511952.9048756
2022-05-23,260273344.91499114
2022-05-24,257695029.2948399
2022-05-25,259863903.61826596
2022-05-26,259667080.73289263
2022-05-27,261922956.1935706
2022-05-30,257576049.11233956
2022-05-31,260142362.13160312
2022-06-02,262008138.48250374
2022-06-03,263997354.25064182
2022-06-07,265687490.91092294
2022-06-08,262624489.69151276
2022-06-09,264626115.9293359
2022-06-10,266259726.46640193
2022-06-13,258912640.73104572
2022-06-14,256552730.34814405
2022-06-15,252107467.03198832
2022-06-16,254029393.60657278
2022-06-17,256648070.22937757
2022-06-20,252753683.84031534
2022-06-21,254699273.0638826
2022-06-22,254427601.7142436
2022-06-23,248006339.96448255
2022-06-24,250373140.72358683
2022-06-27,251759429.2437598
2022-06-28,251473780.58096153
2022-06-29,250726155.58117104
2022-06-30,251095808.2720235
2022-07-01,252757004.54734302
2022-07-04,248167382.72765982
2022-07-05,245903030.6884842
2022-07-06,236796222.7086535
2022-07-07,237651109.4555356
2022-07-08,237840316.7535469
2022-07-11,234887217.6583243
2022-07-12,236440318.77190685
2022-07-13,239642318.2056078
2022-07-14,238605135.31786174
2022-07-15,240485325.8367263
2022-07-18,241844167.4238592
2022-07-19,243515701.2554049
2022-07-20,243023516.3224615
2022-07-21,245213411.2751776
2022-07-22,247802493.42751843
2022-07-25,250904929.31220543
2022-07-26,253099350.57215044
2022-07-27,251336919.56285992
2022-07-28,257800685.095946
2022-07-29,259824561.08783993
2022-08-01,258828884.6658378
2022-08-02,258828884.6658378
2022-08-03,258828884.6658378
2022-08-04,258828884.6658378
2022-08-05,258828884.6658378
2022-08-08,262740311.08571172
2022-08-09,262245281.1413004
2022-08-10,266875175.27480787
2022-08-11,263039144.7684039
2022-08-12,263230117.4130876
2022-08-16,267686408.0901878
2022-08-17,268094835.81605142
2022-08-18,269391343.5441681
2022-08-19,272075103.6576729
2022-08-22,274960725.2616962
2022-08-23,278109654.3908702
2022-08-24,289003592.4867987
2022-08-25,291790040.09588426
2022-08-26,293185093.0249332
2022-08-29,294448943.56349546
2022-08-30,294157527.07892764
2022-08-31,296513930.86906433
2022-09-01,297823181.8452184
2022-09-02,297747552.18899965
2022-09-05,296824342.69381243
2022-09-06,298617108.7553999
2022-09-07,295383353.3124767
2022-09-08,296062475.43296826
2022-09-13,293687326.84250355
2022-09-14,295162875.4829575
2022-09-15,298060677.48881936
2022-09-16,295241557.84855807
2022-09-19,294298807.2315184
2022-09-20,290943789.3718306
2022-09-21,291454501.41321146
2022-09-22,297418241.816822
2022-09-23,295012674.5683092
2022-09-26,292807436.1634133
2022-09-27,288020864.3648307
2022-09-28,281060336.86296403
2022-09-29,282044233.8929662
2022-09-30,272697010.58503765
2022-10-04,278035843.0790399
2022-10-05,270786224.45619345
2022-10-06,272624448.82289433
2022-10-07,265076542.08673128
2022-10-11,268919111.3217443
2022-10-12,268624266.1975675
2022-10-13,269129068.9099381
2022-10-14,268682517.07350814
2022-10-17,275600625.1900848
2022-10-18,277319282.61841786
2022-10-19,277511214.6299203
2022-10-20,282422267.1989093
2022-10-21,278183625.58579135
2022-10-24,280641110.05008614
2022-10-25,281314211.05687815
2022-10-26,283467508.36375
2022-10-27,286052485.3957529
2022-10-28,290518550.61268556
2022-10-31,289081408.7517276
2022-11-01,293856980.2580194
2022-11-02,287261589.54726076
2022-11-03,292385600.67471516
2022-11-04,290993062.80327773
2022-11-07,289908662.9617609
2022-11-08,292370381.10359573
2022-11-09,289492810.42966133
2022-11-10,282927719.5786238
2022-11-11,277366965.7967256
2022-11-14,280803755.1152972
2022-11-15,277470999.23669964
2022-11-16,279996040.2885172
2022-11-17,281032182.7592352
2022-11-18,287664844.4521088
2022-11-21,289620714.93230337
2022-11-22,294454879.7306351
2022-11-23,287044901.51074183
2022-11-24,287771221.9132514
2022-11-25,295356298.3157642
2022-11-28,297987116.49137723
2022-11-29,297717240.9368439
2022-11-30,296534669.45835674
2022-12-01,296801808.3645049
2022-12-02,292854243.8313519
2022-12-05,301834609.0811951
2022-12-06,300529441.6848967
2022-12-07,305965068.9784293
2022-12-08,303459168.5902406
2022-12-09,304345181.1059916
2022-12-12,302223687.28968966
2022-12-13,295510460.6666213
2022-12-14,299034648.0791874
2022-12-15,290867966.84197044
2022-12-16,288833155.62193596
2022-12-19,288840286.41057134
2022-12-20,287178213.7651005
2022-12-21,290603103.5974057
2022-12-22,295183977.3402089
2022-12-23,297888529.8921092
2022-12-26,299819459.7986705
2022-12-27,304930794.10968035
2022-12-28,303204199.19969714
2022-12-29,299327210.38473666
2023-01-02,297811233.7749306
2023-01-03,297811233.7749306
2023-01-04,297811233.7749306
2023-01-05,297811233.7749306
2023-01-06,297811233.7749306
2023-01-09,296680698.53393936
2023-01-10,296159992.20030475
2023-01-11,296895587.6307942
2023-01-12,301312070.8504325
2023-01-13,297901369.3271514
2023-01-16,298151582.9460428
2023-01-17,305647444.77433604
2023-01-18,306618729.5930211
2023-01-19,309937110.4435573
2023-01-20,309436376.244397
2023-01-25,308861577.9500773
2023-01-26,308423079.92347133
2023-01-27,313383419.9345912
2023-01-30,310314271.1070905
2023-01-31,310672020.03222483
2023-02-01,313779389.42325896
2023-02-02,312083577.5977701
2023-02-03,313582252.0247737
2023-02-06,310109139.37800884
2023-02-07,313415584.3376285
2023-02-08,311541741.2460346
2023-02-09,313890522.30370724
2023-02-10,309365063.2271701
2023-02-13,307405191.9374213
2023-02-14,309774149.1316713
2023-02-15,304578975.906903
2023-02-16,311342920.948572
2023-02-17,308321851.958047
2023-02-20,312795996.8153165
2023-02-21,317202994.21638894
2023-02-22,315546414.06085426
2023-02-23,313090549.778841
2023-02-24,310216415.10825783
2023-02-27,309868265.9451005
2023-02-28,305201314.3942653
2023-03-02,309653412.8039923
2023-03-03,317982875.25688833
2023-03-06,317678894.08444345
2023-03-07,318274501.17584455
2023-03-08,315617213.8399147
2023-03-09,314034725.0276872
2023-03-10,311887084.1883695
2023-03-13,314485136.20904344
2023-03-14,313213781.9500484
2023-03-15,312395433.7112427
2023-03-16,313325195.9797256
2023-03-17,309950806.1286451
2023-03-20,311993340.9260057
2023-03-21,312659354.51404154
2023-03-22,318627878.7263102
2023-03-23,318846302.650835
2023-03-24,312888098.60234106
2023-03-27,314214739.20320916
2023-03-28,319102199.30758274
2023-03-29,322906793.6133642
2023-03-30,326206054.7161727
2023-03-31,332376054.3255162
2023-04-03,330703130.84599173
2023-04-04,330703130.84599173
2023-04-05,330703130.84599173
2023-04-06,330703130.84599173
2023-04-07,330703130.84599173
2023-04-10,333744664.07233584
2023-04-11,342745683.03578234
2023-04-12,353603115.75660753
2023-04-13,360753493.5001259
2023-04-14,358441278.3950105
2023-04-17,355524950.3745178
2023-04-18,349975899.16974515
2023-04-19,345312259.2597123
2023-04-20,340695398.4433381
2023-04-21,340331041.5824237
2023-04-24,339091116.2458116
2023-04-25,338553599.5295355
2023-04-26,342398069.572855
2023-04-27,339279529.05029297
2023-04-28,341289597.9904016
2023-05-02,343686312.9619665
2023-05-03,340358538.4123165
2023-05-04,348836169.9829142
2023-05-08,345836502.2253715
2023-05-09,341010418.1747326
2023-05-10,340048560.0613053
2023-05-11,346943338.01844573
2023-05-12,348273048.9400393
2023-05-15,346583031.0899967
2023-05-16,349289293.1766759
2023-05-17,349714527.0566448
2023-05-18,348453208.7287299
2023-05-19,355079351.17396045
2023-05-22,333272922.81309867
2023-05-23,333485025.6579504
2023-05-24,334410707.073042
2023-05-25,339259695.2993595
2023-05-26,342358201.93766284
2023-05-30,337799497.3407841
2023-05-31,337662022.06346464
2023-06-01,337563929.598686
2023-06-02,338150394.7891
2023-06-05,356113376.37528944
2023-06-07,348539305.7127084
2023-06-08,344575302.0845049
2023-06-09,348688029.3730618
2023-06-12,354604629.883486
2023-06-13,351161720.61761916
2023-06-14,354733536.7146734
2023-06-15,356227937.9349954
2023-06-16,370309417.3020482
2023-06-19,372483679.1043762
2023-06-20,392800785.5576489
2023-06-21,396727191.2654838
2023-06-22,395522886.33203495
2023-06-23,391165625.0641874
2023-06-26,387289029.9497228
2023-06-27,393822954.55059516
2023-06-28,392884613.4196676
2023-06-29,396700957.75928324
2023-06-30,403808406.24855995
2023-07-03,402555048.54957604
2023-07-04,402555048.54957604
2023-07-05,402555048.54957604
2023-07-06,402555048.54957604
2023-07-07,402555048.54957604
2023-07-10,338262648.9650785
2023-07-11,341497255.7533087
2023-07-12,349942545.8228005
2023-07-13,348930402.3641424
2023-07-14,351336259.79509735
2023-07-17,361300360.9311253
2023-07-18,360499206.12833846
2023-07-19,365075004.57844025
2023-07-20,361776490.13518834
2023-07-21,364767200.49147314
2023-07-24,406101058.3033799
2023-07-25,401429758.55334884
2023-07-26,404116224.4393976
2023-07-27,415630998.5178174
2023-07-28,425512111.80681884
2023-07-31,431442945.0872326
2023-08-01,427751318.25733817
2023-08-02,428152383.1027136
2023-08-03,418060749.7291038
2023-08-04,426657386.9733306
2023-08-07,443186821.5329218
2023-08-08,438366533.465745
2023-08-09,438041946.7951201
2023-08-10,457095881.4792541
2023-08-11,476209411.89009297
2023-08-14,517996253.341329
2023-08-16,516984508.9439753
2023-08-17,513196661.3627666
2023-08-18,522730102.9304891
2023-08-21,524783318.55518854
2023-08-22,525832806.72121537
2023-08-23,529045227.5929688
2023-08-24,527975751.0486977
2023-08-25,534024713.694487
2023-08-28,535179246.80242985
2023-08-29,529990030.8648358
2023-08-30,535172759.4640079
2023-08-31,533403120.23560286
2023-09-01,530800695.93334025
2023-09-04,526474189.3915843
2023-09-05,522664095.3636386
2023-09-06,520933554.36429954
2023-09-07,512975193.07515025
2023-09-08,517973433.3456764
2023-09-11,518252185.0791467
2023-09-12,509646441.9207219
2023-09-13,506308544.6297543
2023-09-14,507379101.46615815
2023-09-15,515118462.4001763
2023-09-18,507195488.42266643
2023-09-19,515463823.4313292
2023-09-20,507600518.2839414
2023-09-21,495505572.8538131
2023-09-22,503094117.1540247
2023-09-25,502732665.37682116
2023-09-26,493631909.9171442
2023-09-27,495393962.43813455
2023-10-04,476531969.98585665
2023-10-05,473518144.4551012
2023-10-06,471904496.6901046
2023-10-10,472116141.42662716
2023-10-11,464841841.2959133
2023-10-12,468632786.33395964
2023-10-13,461851089.1333821
2023-10-16,464085842.1189351
2023-10-17,460242678.6187095
2023-10-18,456593714.76648366
2023-10-19,457192113.65240705
2023-10-20,450937281.03454095
2023-10-23,448762354.92376304
2023-10-24,448151348.7500589
2023-10-25,462056397.62716293
2023-10-26,462130194.72579527
2023-10-27,467879230.7015773
2023-10-30,467479634.5425974
2023-10-31,470173384.0882826
2023-11-01,476239797.3768338
2023-11-02,478255564.449654
2023-11-03,480209389.9415435
2023-11-06,483593665.4578034
2023-11-07,485080041.5526192
2023-11-08,484480269.50132376
2023-11-09,492766713.8914993
2023-11-10,484560214.0410375
2023-11-13,485640683.52795076
2023-11-14,478504284.241768
2023-11-15,477572657.67086685
2023-11-16,470320388.21210086
2023-11-17,465473245.35300076
2023-11-20,460485361.50183403
2023-11-21,469638070.3012651
2023-11-22,472800118.05176467
2023-11-23,486151279.7235954
2023-11-24,482832955.04147387
2023-11-27,480000787.8840804
2023-11-28,486865743.45314336
2023-11-29,482416063.7610924
2023-11-30,491985772.6010881
2023-12-01,482517044.9823726
2023-12-04,483964798.70650554
2023-12-05,483971158.94453907
2023-12-06,485408492.59717155
2023-12-07,482536342.449247
2023-12-08,480271339.7428884
2023-12-11,478258971.87791955
2023-12-12,483097664.8516131
2023-12-13,478560483.86720026
2023-12-14,482674632.5392171
2023-12-15,489868118.59671164
2023-12-18,487283361.281525
2023-12-19,485832200.4810716
2023-12-20,489030270.97897416
2023-12-21,484005841.94861877
2023-12-22,482168951.4489267
2023-12-26,487073536.05155134
2023-12-27,488382722.1884811
2023-12-28,499709379.5766085
2024-01-02,498968247.9813138
2024-01-03,492574063.29430413
2024-01-04,481756837.67362475
2024-01-05,483208255.28846705
2024-01-08,482423202.8248917
2024-01-09,480827810.0195459
2024-01-10,483448051.106013
2024-01-11,492281670.9303508
2024-01-12,495660208.47088975
2024-01-15,494713189.8880978
2024-01-16,497350777.44961333
2024-01-17,491132821.4662168
2024-01-18,495526903.324663
2024-01-19,499469814.0114579
2024-01-22,523041780.78699565
2024-01-23,522956060.3078517
2024-01-24,515889324.7625663
2024-01-25,506858405.6707437
2024-01-26,503371598.32897973
2024-01-29,490113473.4775309
2024-01-30,491119037.328037
2024-01-31,496361640.74906635
2024-02-01,486858928.37068903
2024-02-02,501664137.37993455
2024-02-05,502228964.68438387
2024-02-06,513427400.9106044
2024-02-07,534812942.5205168
2024-02-08,539785362.6005642
2024-02-13,550376376.3244804
2024-02-14,551998267.1955458
2024-02-15,541646918.7347432
2024-02-16,549647268.0155154
2024-02-19,545254306.6067362
2024-02-20,542712887.2031431
2024-02-21,542937476.5813246
2024-02-22,549027852.3712506
2024-02-23,555122143.4619901
2024-02-26,566731287.6451334
2024-02-27,564987145.4986088
2024-02-28,564408253.3850682
2024-02-29,565719253.322498
2024-03-04,577329316.2623892
2024-03-05,574176845.4652925
2024-03-06,581579201.0808604
2024-03-07,581830733.0249732
2024-03-08,577673956.5764548
2024-03-11,565379276.8214879
2024-03-12,574806557.7803764
2024-03-13,581063273.2652975
2024-03-14,584392593.5176724
2024-03-15,585324857.9259262
2024-03-18,602974012.1434138
2024-03-19,613627405.9275887
2024-03-20,600657693.9717106
2024-03-21,606766861.6557114
2024-03-22,613117431.2116814
2024-03-25,630518227.7196119
2024-03-26,638038169.8611169
2024-03-27,648105530.2051015
2024-03-28,639383697.4360378
2024-03-29,652088565.949444
2024-04-01,654123932.5279267
2024-04-02,656107360.2359226
2024-04-03,640928545.7811013
2024-04-04,654431573.1487154
2024-04-05,643048351.8342423
2024-04-08,651889102.0780925
2024-04-09,661360700.026428
2024-04-11,683950338.5544431
2024-04-12,699134026.062038
2024-04-15,703927900.5069448
2024-04-16,695765208.2784964
2024-04-17,696127389.8175559
2024-04-18,712625400.7484441
2024-04-19,718988104.4121675
2024-04-22,722746639.7234104
2024-04-23,726742668.7599181
2024-04-24,725872283.8310194
2024-04-25,724799951.8210211
2024-04-26,740289270.7431297
2024-04-29,742681669.0642538
2024-04-30,760077842.2685549
2024-05-02,767834793.6260036
2024-05-03,780909735.5203645
2024-05-07,783298072.688861
2024-05-08,807610598.4726231
2024-05-09,823376786.106597
2024-05-10,844109304.0576608
2024-05-13,858665999.1223192
2024-05-14,854175484.099503
2024-05-16,858431630.2164772
2024-05-17,866520041.6684749
2024-05-20,898146720.6270616
2024-05-21,897280549.6473159
2024-05-22,902432631.7255929
2024-05-23,867007861.5660851
2024-05-24,857353519.8261371
2024-05-27,864701469.4798471
2024-05-28,868447445.8306979
2024-05-29,881190342.7702589
2024-05-30,874502604.7374645
2024-05-31,884353154.1389389
2024-06-03,890837773.5400026
2024-06-04,861759480.0555353
2024-06-05,855856076.478168
2024-06-07,866131139.3565427
2024-06-10,816365125.7666626
2024-06-11,818270283.0620836
2024-06-12,822759112.0554576
2024-06-13,837402876.8808136
2024-06-14,853263856.6843439
2024-06-17,819859859.7770779
2024-06-18,817553222.6053616
2024-06-19,809407840.2259898
2024-06-20,793009408.1539483
2024-06-21,812999187.7310385
2024-06-24,771968789.2020664
2024-06-25,763242633.101157
2024-06-26,778193236.446476
2024-06-27,784194501.9141765
2024-06-28,788209755.2493331
2024-07-01,728766021.7255903
2024-07-02,740802406.9949493
2024-07-03,748879188.8872911
2024-07-04,747640391.1475999
2024-07-05,742837198.7591788
2024-07-08,904086714.6646256
2024-07-09,915492165.5971365
2024-07-10,930240754.3386769
2024-07-11,934975497.7234061
2024-07-12,921138046.03549
2024-07-15,934779891.2924352
2024-07-16,953312926.9786224
2024-07-17,934447861.5760019
2024-07-18,911519003.1304731
2024-07-19,909617100.4472511
2024-07-22,912048868.1030669
2024-07-23,943140204.8523359
2024-07-24,972192711.0688874
2024-07-25,943111118.4368355
2024-07-26,992558132.4999979
2024-07-29,997376034.9941238
2024-07-30,977921317.3512866
2024-07-31,957865736.3965858
2024-08-01,952627124.0915444
2024-08-02,901196195.7379391
2024-08-05,816336512.3184992
2024-08-06,846060542.9187368
2024-08-07,877956619.7762265
2024-08-08,903498677.1456585
2024-08-09,909672282.5197966
2024-08-12,924081116.7298806
2024-08-13,910399151.9099134
2024-08-14,922496450.1043253
2024-08-16,935803371.2551768
2024-08-19,944781423.2952578
2024-08-20,955482409.6041672
2024-08-21,956214064.1343458
2024-08-22,957687237.8394355
2024-08-23,953120440.7108603
2024-08-26,962037980.9866903
2024-08-27,961790659.0542517
2024-08-28,950461869.8800712
2024-08-29,945535208.0618203
2024-08-30,947456535.3143954
2024-09-02,945273591.069997
2024-09-03,945273591.069997
2024-09-04,945273591.069997
2024-09-05,945273591.069997
2024-09-06,945273591.069997
2024-09-09,949543915.6904073
2024-09-10,952775905.9070791
2024-09-11,979887372.956135
2024-09-12,989686572.2339702
2024-09-13,1020290075.149732
2024-09-19,1042184689.7982187
2024-09-20,1039141560.3685634
2024-09-23,1047843629.3016074
2024-09-24,1064905675.239356
2024-09-25,1062705078.8039296
2024-09-26,1081841951.996015
2024-09-27,1080766440.522745
2024-09-30,1092498831.912434
2024-10-02,1082950552.4211712
2024-10-04,1092361916.0365653
2024-10-07,1120998603.1992671
2024-10-08,1128418138.2151704
2024-10-10,1134824360.3857412
2024-10-11,1154463386.831761
2024-10-14,1165115624.1740916
2024-10-15,1190558580.2179441
2024-10-16,1185526203.1866684
2024-10-17,1205707210.6964152
2024-10-18,1209573158.125132
2024-10-21,1199252240.3123822
2024-10-22,1239742531.9561458
2024-10-23,1214698603.6480079
2024-10-24,1241085756.5464282
2024-10-25,1255303263.1312127
2024-10-28,1213199001.4874446
2024-10-29,1228860835.9766188
2024-10-30,1246378799.3742218
2024-10-31,1247404325.6682591
2024-11-01,1218285673.3234086
2024-11-04,1243090128.4462185
2024-11-05,1249336194.1560192
2024-11-06,1309348945.6588702
2024-11-07,1304831357.8137414
2024-11-08,1286016118.4190016
2024-11-11,1275909392.8344073
2024-11-12,1266690111.9046507
2024-11-13,1269540044.5844877
2024-11-14,1266285401.5373306
2024-11-15,1271745248.6644385
2024-11-18,1286372251.0992494
2024-11-19,1305092863.0063076
2024-11-20,1309751397.7648368
2024-11-21,1294390440.649519
2024-11-22,1299143244.1504126
2024-11-25,1309437495.3009996
2024-11-26,1295694409.873867
2024-11-27,1293694775.20971
2024-11-28,1309285571.2922332
2024-11-29,1311698585.3325782
2024-12-02,1313254578.565832
2024-12-03,1313254578.565832
2024-12-04,1313254578.565832
2024-12-05,1313254578.565832
2024-12-06,1313254578.565832
2024-12-09,1273332769.6588643
2024-12-10,1299987267.9145677
2024-12-11,1324718820.2382717
2024-12-12,1309200567.5481157
2024-12-13,1314291035.1748834
2024-12-16,1314134786.0945873
2024-12-17,1304299860.1005752
2024-12-18,1294745544.6869133
2024-12-19,1281825235.6132376
2024-12-20,1280002579.2398024
2024-12-23,1277945775.3592353
2024-12-24,1269203147.629723
2024-12-26,1274712382.5395398
2024-12-27,1258422952.1010518
2024-12-30,1304053177.5999448
2025-01-02,1341746704.7342792
2025-01-03,1369151628.3719983
2025-01-06,1370524231.04512
2025-01-07,1405646606.4291482
2025-01-08,1391671930.81187
2025-01-09,1435290609.812552
2025-01-10,1441620539.5270414
2025-01-13,1445475568.0000372
2025-01-14,1433368904.5919292
2025-01-15,1446069121.9627852
2025-01-16,1461361154.8273282
2025-01-17,1443450146.3471327
2025-01-20,1430639332.0190227
2025-01-21,1448002979.0901806
2025-01-22,1439126142.7970555
2025-01-23,1452514985.445159
2025-01-24,1489474014.4414165
2025-01-31,1501978828.8290038
2025-02-03,1505868454.5174997
2025-02-04,1529653504.111816
2025-02-05,1531755654.6474912
2025-02-06,1568536234.2467127
2025-02-07,1558670757.5127387
2025-02-10,1584212088.5011008
2025-02-11,1692236013.7928376
2025-02-12,1717063672.6978922
2025-02-13,1731862963.668895
2025-02-14,1757174492.3122768
2025-02-17,1785944630.150683
2025-02-18,1832791832.7710476
2025-02-19,1871790893.3204713
2025-02-20,1900815011.1672864
2025-02-21,1907401370.2178035
2025-02-24,1902788901.3005161
2025-02-25,1897110791.1681306
2025-02-26,1857557054.0600648
2025-02-27,1866999465.4904056
2025-02-28,1784900176.443983
2025-03-04,1850397540.7785459
2025-03-05,1884871235.2606778
2025-03-06,1885394806.0627108
2025-03-07,1956349936.1707659
2025-03-10,1960351138.3167439
2025-03-11,1955730395.2459762
2025-03-12,1922345705.1674633
2025-03-13,1942746796.8371449
2025-03-14,1927973026.8168664
2025-03-17,1921226142.374557
2025-03-18,1894650829.2691362
2025-03-19,1898373112.468313
2025-03-20,1903212443.7144296
2025-03-21,1893284824.273286
2025-03-24,1861218054.1361818
2025-03-25,1835963388.4820414
2025-03-26,1876078841.1543407
2025-03-27,1853275972.8674932
2025-03-28,1805075938.8090615
2025-03-31,1773203862.5054517
2025-04-01,1794389776.7346153
2025-04-02,1816288755.2639594
2025-04-03,1784867820.5111055
2025-04-04,1707266589.40233
2025-04-07,1645059852.5137157
2025-04-08,1656007395.9034748
2025-04-09,1649153450.922976
2025-04-10,1714315354.1318784
2025-04-11,1798623464.2191558
2025-04-14,1804464273.3337626
2025-04-15,1809083047.603691
2025-04-16,1825611271.6017158
2025-04-17,1867248847.8679194
2025-04-18,1860451429.6020408
2025-04-21,1864974525.859767
2025-04-22,1883650299.931787
2025-04-23,1848076554.5379186
2025-04-24,1858622626.723061
2025-04-25,1901253593.8360143
2025-04-28,1909018797.88903
2025-04-29,1943230308.4824235
2025-04-30,1966672207.3012636
2025-05-02,1988493707.6359
2025-05-07,1979167282.6579604
2025-05-08,2094320653.2563462
2025-05-09,2159700336.569829
2025-05-12,2134884127.7454703
2025-05-13,2123550086.4378529
2025-05-14,2145993395.7866924
2025-05-15,2174629585.7016087
2025-05-16,2246004921.453702
2025-05-19,2242560945.607814
2025-05-20,2268099913.1173887
2025-05-21,2306245241.7522593
2025-05-22,2289763092.3082347
2025-05-23,2316475111.185831
2025-05-26,2353503044.9283266
2025-05-27,2404181822.8824296
2025-05-28,2374956322.5333247
2025-05-29,2421063013.467764
2025-05-30,2422517805.6224775
2025-06-02,2470887861.4675465
2025-06-04,2480369032.913329
2025-06-05,2437872808.786253
2025-06-09,2418735340.210242
2025-06-10,2424272832.295442
2025-06-11,2446528765.955161
2025-06-12,2417852736.2510204
2025-06-13,2390182770.6436787
2025-06-16,2419712717.7734227
2025-06-17,2348491139.1636305
2025-06-18,2351199055.5525866
2025-06-19,2359421039.0885005
2025-06-20,2390055056.879919
2025-06-23,2382798262.133443
2025-06-24,2373893073.378143
2025-06-25,2395524993.0825405
2025-06-26,2395762038.387723
2025-06-27,2345569521.7291327
2025-06-30,2446966860.36586
2025-07-01,2480809790.170909
2025-07-02,2398412366.635919
2025-07-03,2464343316.583597
2025-07-04,2341258936.6814747
2025-07-07,2351035373.056835
2025-07-08,2378536056.361836
2025-07-09,2458802426.5095425
2025-07-10,2551621077.161069
2025-07-11,2520639362.139699
2025-07-14,2511177366.265841
2025-07-15,2541875186.672072
2025-07-16,2540468747.61487
2025-07-17,2607692331.539642
2025-07-18,2580123160.816351
2025-07-21,2516043341.7734823
2025-07-22,2507582286.8796453
2025-07-23,2536739684.291387
2025-07-24,2543602358.403221
2025-07-25,2575117030.487481
2025-07-28,2495400554.482873
2025-07-29,2538131199.180457
2025-07-30,2531895281.0083895
2025-07-31,2555884002.4018707
2025-08-01,2461090783.901491
2025-08-04,2451505988.9343815
2025-08-05,2500494606.33171
2025-08-06,2507415467.773793
2025-08-07,2514162334.2904425
2025-08-08,2489327599.24642
2025-08-11,2553370694.806098
2025-08-12,2576625560.2429633
2025-08-13,2663290371.50071
2025-08-14,2653290508.006519
2025-08-18,2661404343.5832667
2025-08-19,2648479823.7614603
2025-08-20,2652556443.929946
2025-08-21,2707720821.2810464
2025-08-22,2735581428.321694
2025-08-25,2722952276.7560453
2025-08-26,2751467404.311658
2025-08-27,2747642817.1609535
2025-08-28,2675267729.414459
2025-08-29,2659142054.4712243
2025-09-01,2650275107.5069714
2025-09-02,2658427721.918211
2025-09-03,2635959958.9911823
2025-09-04,2624500676.1076975
2025-09-05,2630092454.521264
2025-09-08,2637223264.700046
2025-09-09,2639220519.8106203
2025-09-10,2644529888.444947
2025-09-11,2672437988.6264296
2025-09-12,2704485079.780369
2025-09-15,2707636512.4166822
2025-09-16,2792617247.596445
2025-09-17,2770096202.893111
2025-09-18,2805861036.482423
2025-09-19,2777978252.967922
2025-09-22,2844253494.5246267
2025-09-23,2859185173.997445
2025-09-24,2877232164.8073683
2025-09-25,2937682235.6955595
2025-09-26,2877710983.5155697
2025-09-29,2919391352.9969087
2025-09-30,2906791696.5984554
2025-10-01,2963418644.881673
2025-10-02,3027426788.0700893
2025-10-10,3194270684.758525
2025-10-13,3165492898.6951284
2025-10-14,3107367172.2208357
2025-10-15,3201120256.3414955
2025-10-16,3272175846.591384
2025-10-17,3291866664.1333714
2025-10-20,3268681301.213545
2025-10-21,3242867904.0400834
2025-10-22,3265061004.337941
2025-10-23,3230204994.7119837
2025-10-24,3276898410.945137
2025-10-27,3345544502.936711
2025-10-28,3260841557.8907275
2025-10-29,3298548824.2088537
2025-10-30,3448356686.6493745
2025-10-31,3478107971.7262053
2025-11-03,3625269626.215931
2025-11-04,3398707759.378145
2025-11-05,3251389852.1268997
2025-11-06,3152775952.8968883
2025-11-07,3145554093.578416
2025-11-10,3235419906.2033086
2025-11-11,3264871338.384832
2025-11-12,3306807579.3007035
2025-11-13,3329323147.939047
2025-11-14,3233517160.7106705
2025-11-17,3280862851.4348936
2025-11-18,3214998974.1329184
2025-11-19,3200019285.23022
2025-11-20,3239461031.190401
2025-11-21,3169421440.039075
2025-11-24,3160048124.333846
2025-11-25,3152756556.4529185
2025-11-26,3247090989.1865034
2025-11-27,3246377907.031715
2025-11-28,3217754581.605547
2025-12-01,3197184718.800371
2025-12-02,3247171549.3189454
2025-12-03,3255282388.3406205
2025-12-04,3217179815.0158715
2025-12-05,3286029602.093626
2025-12-08,3251837017.7142096
2025-12-09,3262943536.9745426
2025-12-10,3267817519.82899
2025-12-11,3263086068.3895397
2025-12-12,3226200438.6664896
2025-12-15,3202403854.488201
2025-12-16,3133836350.0039663
2025-12-17,3146509187.3259697
2025-12-18,3126840216.9102197
2025-12-19,3103308322.264678
2025-12-22,3191563111.3369455
2025-12-23,3201834684.39318
2025-12-24,3219037249.61806
2025-12-26,3224547038.458783
2025-12-29,3281864443.219916
2025-12-30,3362216943.170791
2026-01-02,3471887922.174838
2026-01-05,3581877752.1243167
2026-01-06,3596892013.6010528
2026-01-07,3658757607.1716614
2026-01-08,3622210693.050079
2026-01-09,3643467533.4293995
2026-01-12,3624467060.400526
2026-01-13,3725471986.713608
2026-01-14,3633822527.618788
2026-01-15,3708638201.166262
2026-01-16,3717988773.3017173
2026-01-19,3771697828.348478
2026-01-20,3643962734.0757504
2026-01-21,3774094246.4947357
2026-01-22,3767932291.967302
2026-01-23,3729559871.639941
2026-01-26,3720746148.4733324
2026-01-27,3866255475.852585
2026-01-28,3918699590.806986
2026-01-29,3876800104.8830748
2026-01-30,3906056416.1739683
2026-02-02,3802704483.996227
2026-02-03,3802704483.996227
2026-02-04,3802704483.996227
2026-02-05,3802704483.996227
2026-02-06,3802704483.996227
2026-02-09,3903260269.044034
2026-02-10,4021777927.4542074
2026-02-11,4067295069.34476
2026-02-12,4139400699.521103
2026-02-13,4142094880.3592625
2026-02-19,4262333803.989145
2026-02-20,4147530426.1503787
2026-02-23,4203204876.724432
2026-02-24,4341677419.602565
2026-02-25,4451995796.610359
2026-02-26,4516802148.702686
2026-02-27,4468869685.878018
2026-03-03,4172269299.681834
2026-03-04,3944803313.0596495
2026-03-05,4056786701.8930826
2026-03-06,4125484365.1035895
2026-03-09,4003026165.911598
2026-03-10,4040261790.2898407
2026-03-11,4126034548.5264673
2026-03-12,4120450756.5607157
2026-03-13,4036379611.699301
2026-03-16,4004826179.751639
2026-03-17,4124106297.4937754
2026-03-18,4367772695.018573
2026-03-19,4302027517.209341
2026-03-20,4321071495.99731
2026-03-23,4016007510.417835
2026-03-24,4113076054.318613
2026-03-25,4224206108.4077606
2026-03-26,4075777513.656633
2026-03-27,4069052996.0911856
2026-03-30,3961466083.6795297
2026-03-31,3868450689.268066
2026-04-01,4061621519.6421466
2026-04-02,3897406368.1283817
2026-04-03,3953606607.4278793
2026-04-06,4020643105.632494
2026-04-07,4033020029.546237
2026-04-08,4370296709.8992605
2026-04-09,4442045356.087642
2026-04-10,4474469941.770519
2026-04-13,4439612562.157761
2026-04-14,4561878114.607921
2026-04-15,4631168771.511229
2026-04-16,4732147257.548462
2026-04-17,4765049544.403269
2026-04-20,4803484482.179903
2026-04-21,4991428988.111848
2026-04-22,5104103027.311589
2026-04-23,5121662534.924478
2026-04-24,5224317484.146648
2026-04-27,5288991431.619143
2026-04-28,5409067837.872257
2026-04-29,5692670210.276674
2026-04-30,5615652953.156441
2026-05-04,5808650976.679251
2026-05-06,5914525100.905713
2026-05-07,5887972377.822926
2026-05-08,5874617012.43605
2026-05-11,6012980578.61692
